Jean Stanley,jstanley0@cocolog-nifty.com
Victor Stone,vstone1@vkontakte.ru
Patrick Hayes,phayes2@people.com.cn
Judith Rivera,jrivera3@cmu.edu
Victor Warren,vwarren4@ca.gov
Katherine Hicks,khicks5@statcounter.com
Christine Cox,ccox6@multiply.com
Heather Fields,hfields7@un.org
Lori Olson,lolson8@ask.com
Victor Grant,vgrant9@behance.net
Brandon Roberts,brobertsa@si.edu
Earl Webb,ewebbb@reddit.com
Sean Palmer,spalmerc@mit.edu
Christine Spencer,cspencerd@t-online.de
Lois Perez,lpereze@unblog.fr
Lillian Ruiz,lruizf@marketwatch.com
Martin Ford,mfordg@e-recht24.de
Michelle Simmons,msimmonsh@irs.gov
Ronald Shaw,rshawi@mayoclinic.com
Joan Walker,jwalkerj@deliciousdays.com
Bonnie Green,bgreenk@de.vu
Ronald Hart,rhartl@mediafire.com
Edward Oliver,eoliverm@goodreads.com
Phillip Elliott,pelliottn@reference.com
Brandon Phillips,bphillipso@mashable.com
Kenneth Stanley,kstanleyp@cisco.com
Jeffrey Boyd,jboydq@clickbank.net
Sharon Johnston,sjohnstonr@psu.edu
Edward Riley,erileys@mozilla.com
Brenda Kim,bkimt@admin.ch
James Hernandez,jhernandezu@usnews.com
Denise Diaz,ddiazv@mozilla.org
Frances Stevens,fstevensw@nymag.com
Dennis Reed,dreedx@google.cn
Clarence Morrison,cmorrisony@xinhuanet.com
Benjamin Stewart,bstewartz@cbsnews.com
Terry Wagner,twagner10@people.com.cn
Cynthia Fox,cfox11@domainmarket.com
Lawrence Sims,lsims12@tripod.com
Barbara Fernandez,bfernandez13@51.la
Albert Stone,astone14@acquirethisname.com
Gregory Barnes,gbarnes15@myspace.com
Timothy Gutierrez,tgutierrez16@miibeian.gov.cn
Janice Ford,jford17@yelp.com
Walter White,wwhite18@businesswire.com
Jean Payne,jpayne19@hao123.com
Raymond Cox,rcox1a@sourceforge.net
George West,gwest1b@hhs.gov
Deborah Howard,dhoward1c@hatena.ne.jp
Sharon Howell,showell1d@goodreads.com
Benjamin Duncan,bduncan1e@prweb.com
Karen Griffin,kgriffin1f@list-manage.com
Nicole Franklin,nfranklin1g@mit.edu
Albert Rodriguez,arodriguez1h@ucoz.ru
Tammy Kelly,tkelly1i@foxnews.com
Amanda Hicks,ahicks1j@mac.com
Jeffrey Foster,jfoster1k@jigsy.com
Brenda Davis,bdavis1l@webmd.com
Stephen Cox,scox1m@statcounter.com
Cynthia Porter,cporter1n@ebay.co.uk
Martin Price,mprice1o@mit.edu
Fred Bishop,fbishop1p@google.co.jp
Mary Hernandez,mhernandez1q@marketwatch.com
Rachel Wagner,rwagner1r@columbia.edu
Gloria Long,glong1s@huffingtonpost.com
Paul Webb,pwebb1t@usgs.gov
Martin Young,myoung1u@slate.com
Lori Morris,lmorris1v@ebay.co.uk
Roger Kennedy,rkennedy1w@google.com
Richard Ford,rford1x@linkedin.com
Howard Hall,hhall1y@cnn.com
Dorothy Lynch,dlynch1z@businessweek.com
Deborah Hart,dhart20@live.com
Clarence Roberts,croberts21@google.it
Carl Thompson,cthompson22@ftc.gov
Billy Lawrence,blawrence23@furl.net
Victor Carroll,vcarroll24@google.com.au
Rebecca Taylor,rtaylor25@t-online.de
Lillian Lewis,llewis26@state.tx.us
Gregory Hayes,ghayes27@dell.com
Stephanie Meyer,smeyer28@opensource.org
Jason Robertson,jrobertson29@about.me
Christine Foster,cfoster2a@nytimes.com
Debra Gilbert,dgilbert2b@umich.edu
George Diaz,gdiaz2c@moonfruit.com
Carl Duncan,cduncan2d@soundcloud.com
Jesse Torres,jtorres2e@netvibes.com
Karen Banks,kbanks2f@comsenz.com
Diana Burns,dburns2g@wufoo.com
Victor Matthews,vmatthews2h@newsvine.com
Katherine Wells,kwells2i@123-reg.co.uk
Kimberly Morris,kmorris2j@geocities.jp
Lisa Cunningham,lcunningham2k@msu.edu
Lois Weaver,lweaver2l@shutterfly.com
Sharon Hernandez,shernandez2m@newsvine.com
Emily Ford,eford2n@discovery.com
Kelly Elliott,kelliott2o@amazon.co.jp
Julia Pierce,jpierce2p@networksolutions.com
Christopher Lewis,clewis2q@usatoday.com
Judith Gilbert,jgilbert2r@opera.com
Jeremy Harris,jharris2s@geocities.jp
Jack Taylor,jtaylor2t@ucoz.ru
Carol Phillips,cphillips2u@usatoday.com
Amanda Peterson,apeterson2v@creativecommons.org
Phillip Ryan,pryan2w@blogger.com
Brandon Wagner,bwagner2x@senate.gov
Marie Ryan,mryan2y@unc.edu
Helen Hart,hhart2z@biglobe.ne.jp
Joyce Rogers,jrogers30@nhs.uk
Eugene Cox,ecox31@abc.net.au
Emily Williamson,ewilliamson32@webnode.com
Judith Edwards,jedwards33@bluehost.com
Steve Dunn,sdunn34@gov.uk
Gary Jordan,gjordan35@ustream.tv
Teresa Ramirez,tramirez36@ow.ly
Steven Rose,srose37@lulu.com
Judy Davis,jdavis38@seattletimes.com
George Franklin,gfranklin39@woothemes.com
Earl Bell,ebell3a@google.co.uk
Donald Webb,dwebb3b@github.com
Theresa Brooks,tbrooks3c@hhs.gov
Doris Castillo,dcastillo3d@digg.com
Jane Johnson,jjohnson3e@cornell.edu
Dennis Gordon,dgordon3f@wp.com
Eric Jenkins,ejenkins3g@auda.org.au
Phillip Cunningham,pcunningham3h@baidu.com
Irene Dixon,idixon3i@amazon.co.uk
Michael Henderson,mhenderson3j@goo.ne.jp
Louis Parker,lparker3k@tripod.com
George Pierce,gpierce3l@altervista.org
Ashley Arnold,aarnold3m@nih.gov
Robert Montgomery,rmontgomery3n@chronoengine.com
Ryan Matthews,rmatthews3o@furl.net
Gloria Pierce,gpierce3p@domainmarket.com
Maria Matthews,mmatthews3q@mit.edu
Martin Lynch,mlynch3r@skyrock.com
Rachel Carpenter,rcarpenter3s@marriott.com
Alan Wagner,awagner3t@utexas.edu
Joan Woods,jwoods3u@soup.io
Albert Hudson,ahudson3v@last.fm
Kenneth Morris,kmorris3w@ovh.net
Elizabeth Sanders,esanders3x@nytimes.com
Joyce Fernandez,jfernandez3y@un.org
Benjamin Chavez,bchavez3z@theguardian.com
Virginia Burns,vburns40@wunderground.com
Carl Daniels,cdaniels41@china.com.cn
Jessica Collins,jcollins42@scientificamerican.com
Jennifer Boyd,jboyd43@independent.co.uk
Joe Medina,jmedina44@google.pl
Beverly Simpson,bsimpson45@dedecms.com
Wanda Mcdonald,wmcdonald46@umn.edu
Jonathan Lynch,jlynch47@netscape.com
Adam Price,aprice48@digg.com
Maria Richardson,mrichardson49@naver.com
Emily Washington,ewashington4a@sciencedirect.com
Janet Young,jyoung4b@chicagotribune.com
Stephanie Clark,sclark4c@craigslist.org
Shawn Banks,sbanks4d@usda.gov
Anthony Hanson,ahanson4e@shutterfly.com
Phyllis Torres,ptorres4f@nbcnews.com
Paula Ross,pross4g@weebly.com
Fred Wheeler,fwheeler4h@baidu.com
Helen Howell,hhowell4i@youtube.com
Julie Hall,jhall4j@who.int
Teresa Hart,thart4k@loc.gov
Diana Henderson,dhenderson4l@dedecms.com
Debra Hanson,dhanson4m@4shared.com
Antonio Reyes,areyes4n@issuu.com
Kathryn Stevens,kstevens4o@wisc.edu
Kathryn Woods,kwoods4p@stumbleupon.com
Ernest Garcia,egarcia4q@arstechnica.com
Dorothy Knight,dknight4r@youtube.com
Ernest Frazier,efrazier4s@yahoo.co.jp
Marilyn Allen,mallen4t@tiny.cc
Nancy Washington,nwashington4u@unesco.org
Mildred Dean,mdean4v@creativecommons.org
Steve Harper,sharper4w@sina.com.cn
Andrea Morgan,amorgan4x@bloomberg.com
Cynthia Fields,cfields4y@plala.or.jp
Joshua Porter,jporter4z@kickstarter.com
Joseph Ramirez,jramirez50@sphinn.com
Brian Rose,brose51@artisteer.com
Donald Webb,dwebb52@ustream.tv
Emily Vasquez,evasquez53@aboutads.info
Randy Spencer,rspencer54@geocities.com
Harold Banks,hbanks55@utexas.edu
Louis Harrison,lharrison56@unesco.org
Debra Arnold,darnold57@wufoo.com
Benjamin Richardson,brichardson58@hud.gov
Andrew Richards,arichards59@example.com
Phyllis Kennedy,pkennedy5a@de.vu
Stephen Bishop,sbishop5b@tamu.edu
Carol Nelson,cnelson5c@smugmug.com
Janet James,jjames5d@npr.org
Arthur Torres,atorres5e@shinystat.com
Raymond Reid,rreid5f@bizjournals.com
Bruce Woods,bwoods5g@springer.com
David Perry,dperry5h@senate.gov
Eric Ryan,eryan5i@studiopress.com
Julia Torres,jtorres5j@baidu.com
Alice Ellis,aellis5k@ifeng.com
Robert Martinez,rmartinez5l@thetimes.co.uk
Michael Bryant,mbryant5m@indiatimes.com
Sharon Kim,skim5n@harvard.edu
Lori Crawford,lcrawford5o@google.com.br
Ryan Barnes,rbarnes5p@jugem.jp
Jane Cunningham,jcunningham5q@nydailynews.com
Craig Berry,cberry5r@surveymonkey.com
Heather Chavez,hchavez5s@dell.com
Alan Williamson,awilliamson5t@cargocollective.com
Ryan Adams,radams5u@zimbio.com
Philip Lee,plee5v@patch.com
Jimmy Porter,jporter5w@elegantthemes.com
Anne Hunter,ahunter5x@nbcnews.com
Paula Evans,pevans5y@mashable.com
Joshua Ryan,jryan5z@irs.gov
Norma Simpson,nsimpson60@mit.edu
Jacqueline Harris,jharris61@homestead.com
Lori Berry,lberry62@bizjournals.com
Jeffrey Henderson,jhenderson63@washington.edu
Julie Woods,jwoods64@wisc.edu
Linda Dunn,ldunn65@huffingtonpost.com
Julia Harper,jharper66@fc2.com
Jane Gibson,jgibson67@ustream.tv
Sharon Simpson,ssimpson68@twitpic.com
Ralph Edwards,redwards69@devhub.com
Maria Fields,mfields6a@symantec.com
Lawrence Burton,lburton6b@blogger.com
David Graham,dgraham6c@techcrunch.com
Jacqueline Bryant,jbryant6d@livejournal.com
Todd Owens,towens6e@princeton.edu
Judith Harper,jharper6f@boston.com
Eric Gonzales,egonzales6g@merriam-webster.com
Janice Wright,jwright6h@wufoo.com
Matthew Thomas,mthomas6i@blogtalkradio.com
Jose Wright,jwright6j@twitpic.com
Louis Lewis,llewis6k@indiatimes.com
Margaret Meyer,mmeyer6l@youtu.be
Kathleen Gonzalez,kgonzalez6m@wisc.edu
Andrew Simmons,asimmons6n@topsy.com
Joshua Howell,jhowell6o@si.edu
Eric Griffin,egriffin6p@twitpic.com
Joan Lopez,jlopez6q@phpbb.com
Anna Fields,afields6r@deliciousdays.com
Shirley Myers,smyers6s@pcworld.com
Arthur Bradley,abradley6t@blogs.com
Albert Bennett,abennett6u@flavors.me
Andrea Day,aday6v@miitbeian.gov.cn
Earl James,ejames6w@wix.com
Gloria Peters,gpeters6x@ft.com
Juan Oliver,joliver6y@nih.gov
Scott Taylor,staylor6z@apple.com
Christine Jackson,cjackson70@apache.org
Terry Nguyen,tnguyen71@mozilla.com
Annie Clark,aclark72@washington.edu
Gerald Bennett,gbennett73@patch.com
Elizabeth Kennedy,ekennedy74@opensource.org
Louise Sanders,lsanders75@1688.com
Aaron Bennett,abennett76@com.com
Ann Elliott,aelliott77@senate.gov
Howard Fuller,hfuller78@facebook.com
Doris Alvarez,dalvarez79@addthis.com
Donna Peters,dpeters7a@yolasite.com
Frank Garza,fgarza7b@ask.com
Karen Wilson,kwilson7c@techcrunch.com
Gloria Palmer,gpalmer7d@hubpages.com
Frances Johnson,fjohnson7e@timesonline.co.uk
Wayne Burke,wburke7f@vkontakte.ru
Deborah Collins,dcollins7g@dailymail.co.uk
Howard Miller,hmiller7h@ocn.ne.jp
Maria Ross,mross7i@cafepress.com
Diane Porter,dporter7j@indiatimes.com
Jean Larson,jlarson7k@hostgator.com
Carol Price,cprice7l@desdev.cn
Anthony Henry,ahenry7m@baidu.com
Sean Edwards,sedwards7n@harvard.edu
Margaret Woods,mwoods7o@1688.com
Jesse Harrison,jharrison7p@samsung.com
Virginia Alexander,valexander7q@telegraph.co.uk
Jeremy Day,jday7r@cdc.gov
Peter Freeman,pfreeman7s@paginegialle.it
Ruth Vasquez,rvasquez7t@marketwatch.com
Jennifer Wallace,jwallace7u@cocolog-nifty.com
Joseph Stone,jstone7v@technorati.com
Irene Sims,isims7w@wikimedia.org
Donald Ford,dford7x@shareasale.com
Jennifer Chavez,jchavez7y@icq.com
Betty Dean,bdean7z@stumbleupon.com
Nicholas Hayes,nhayes80@sciencedirect.com
Ernest Mason,emason81@google.cn
Alan Willis,awillis82@smugmug.com
Daniel Henderson,dhenderson83@joomla.org
Donald Adams,dadams84@netscape.com
Susan Daniels,sdaniels85@dedecms.com
Paul Harper,pharper86@un.org
Jane Robertson,jrobertson87@virginia.edu
Gloria Castillo,gcastillo88@sphinn.com
Carol Henry,chenry89@godaddy.com
Arthur Alexander,aalexander8a@goodreads.com
Wanda Butler,wbutler8b@flavors.me
Ruby Burton,rburton8c@miibeian.gov.cn
Dennis Marshall,dmarshall8d@diigo.com
Christopher Fields,cfields8e@jigsy.com
Douglas Rogers,drogers8f@yelp.com
Ann Powell,apowell8g@deliciousdays.com
Rachel Thomas,rthomas8h@bigcartel.com
Billy Matthews,bmatthews8i@blog.com
Louis Brown,lbrown8j@aol.com
Roger Medina,rmedina8k@buzzfeed.com
Juan Mccoy,jmccoy8l@tinyurl.com
Ruby Bennett,rbennett8m@free.fr
Jonathan Phillips,jphillips8n@usnews.com
Anthony Burton,aburton8o@themeforest.net
Robert Ford,rford8p@sogou.com
Deborah Hart,dhart8q@smugmug.com
Joe Ryan,jryan8r@archive.org
Norma Sanders,nsanders8s@theatlantic.com
Alice Burke,aburke8t@about.com
Patricia Mcdonald,pmcdonald8u@digg.com
Denise Wallace,dwallace8v@guardian.co.uk
Albert Turner,aturner8w@list-manage.com
Jason Ramos,jramos8x@sourceforge.net
Brenda Shaw,bshaw8y@wiley.com
Michelle Rose,mrose8z@un.org
Ruby Lee,rlee90@i2i.jp
Jeffrey Payne,jpayne91@artisteer.com
Jose Meyer,jmeyer92@quantcast.com
Gloria Reyes,greyes93@e-recht24.de
Patrick Stone,pstone94@blogger.com
Tina Nelson,tnelson95@psu.edu
Judith Harris,jharris96@discuz.net
Pamela Hamilton,phamilton97@reference.com
Anne Hudson,ahudson98@google.com.hk
Justin Carpenter,jcarpenter99@goo.ne.jp
Donald Riley,driley9a@dion.ne.jp
Kathryn Austin,kaustin9b@bloomberg.com
Jeffrey White,jwhite9c@barnesandnoble.com
Aaron Simmons,asimmons9d@dagondesign.com
Benjamin Washington,bwashington9e@webs.com
Chris Brown,cbrown9f@hao123.com
Phillip Howard,phoward9g@shop-pro.jp
Norma Rogers,nrogers9h@squidoo.com
Jean Armstrong,jarmstrong9i@cisco.com
Carol Medina,cmedina9j@cbslocal.com
Aaron Weaver,aweaver9k@scribd.com
Sean Romero,sromero9l@deviantart.com
Kathy Allen,kallen9m@google.com
Mark Hunter,mhunter9n@hc360.com
Norma Bailey,nbailey9o@scribd.com
Lori Stanley,lstanley9p@loc.gov
Kenneth Howard,khoward9q@yahoo.com
Larry Jenkins,ljenkins9r@samsung.com
Christine Stanley,cstanley9s@digg.com
Marie Gomez,mgomez9t@hud.gov
Teresa Berry,tberry9u@studiopress.com
Lois Hamilton,lhamilton9v@slate.com
Dennis Stewart,dstewart9w@hao123.com
Carol Little,clittle9x@gravatar.com
Gerald Simpson,gsimpson9y@nationalgeographic.com
Diane Hughes,dhughes9z@wiley.com
Kathleen Gilbert,kgilberta0@posterous.com
Keith Bishop,kbishopa1@seesaa.net
Rose Gordon,rgordona2@mapquest.com
Raymond Harrison,rharrisona3@purevolume.com
Ruby Gordon,rgordona4@goodreads.com
Richard Hanson,rhansona5@soup.io
Wanda Bailey,wbaileya6@theguardian.com
Alan Matthews,amatthewsa7@livejournal.com
Johnny Harris,jharrisa8@ycombinator.com
Henry Wilson,hwilsona9@fema.gov
Janet Ross,jrossaa@techcrunch.com
Gloria Nelson,gnelsonab@sciencedaily.com
Robert Roberts,rrobertsac@jugem.jp
Patricia Garza,pgarzaad@123-reg.co.uk
Carl Schmidt,cschmidtae@gnu.org
Debra Harvey,dharveyaf@vistaprint.com
Karen Lopez,klopezag@hc360.com
Patrick Cox,pcoxah@senate.gov
Nicholas Ross,nrossai@wikipedia.org
Ruby Fields,rfieldsaj@google.fr
Paul Day,pdayak@icio.us
Andrea Bennett,abennettal@sciencedaily.com
Joyce Morgan,jmorganam@ow.ly
Steve Burns,sburnsan@qq.com
Alice Fuller,afullerao@adobe.com
Irene Olson,iolsonap@pcworld.com
Jeremy Hart,jhartaq@liveinternet.ru
Joshua Welch,jwelchar@umich.edu
Terry Fields,tfieldsas@globo.com
Ruth Hunter,rhunterat@nydailynews.com
Victor Cooper,vcooperau@goo.gl
Ann Price,apriceav@nytimes.com
Joan Williamson,jwilliamsonaw@zimbio.com
Brenda Howard,bhowardax@usda.gov
Richard Hernandez,rhernandezay@nasa.gov
Patricia Alvarez,palvarezaz@surveymonkey.com
Harold Jenkins,hjenkinsb0@biglobe.ne.jp
Rose Ford,rfordb1@uiuc.edu
Jimmy Cruz,jcruzb2@cbc.ca
Billy Mendoza,bmendozab3@reverbnation.com
Beverly Willis,bwillisb4@ebay.co.uk
Gary Wilson,gwilsonb5@biblegateway.com
Barbara Boyd,bboydb6@scribd.com
Willie West,wwestb7@slideshare.net
Martin Hughes,mhughesb8@sfgate.com
Craig George,cgeorgeb9@kickstarter.com
Jonathan West,jwestba@123-reg.co.uk
Clarence Gordon,cgordonbb@umich.edu
Sara Morgan,smorganbc@umich.edu
George Kelley,gkelleybd@latimes.com
Dennis Walker,dwalkerbe@privacy.gov.au
Theresa Reed,treedbf@zimbio.com
Rose Berry,rberrybg@accuweather.com
Anthony Hunter,ahunterbh@discovery.com
Robin Schmidt,rschmidtbi@twitter.com
Fred Garcia,fgarciabj@nih.gov
Louise Fernandez,lfernandezbk@feedburner.com
Aaron Knight,aknightbl@shop-pro.jp
Helen Rivera,hriverabm@kickstarter.com
Michael Knight,mknightbn@cloudflare.com
Sara Smith,ssmithbo@amazonaws.com
Angela Freeman,afreemanbp@t.co
Joseph Wagner,jwagnerbq@macromedia.com
Carlos Snyder,csnyderbr@storify.com
Tammy Foster,tfosterbs@answers.com
Edward Peterson,epetersonbt@discuz.net
Judith Coleman,jcolemanbu@com.com
Linda Gonzalez,lgonzalezbv@spotify.com
Sara Campbell,scampbellbw@vinaora.com
Lillian Burton,lburtonbx@dailymotion.com
Steven Cruz,scruzby@nymag.com
Billy Frazier,bfrazierbz@slashdot.org
Jonathan Jenkins,jjenkinsc0@vk.com
Louise Martin,lmartinc1@google.es
Karen Myers,kmyersc2@gizmodo.com
Louis Lee,lleec3@wikispaces.com
Elizabeth Hansen,ehansenc4@ted.com
Eric Hunter,ehunterc5@utexas.edu
Ronald Sullivan,rsullivanc6@vinaora.com
Betty Howell,bhowellc7@accuweather.com
Jimmy Thompson,jthompsonc8@cocolog-nifty.com
Aaron White,awhitec9@prlog.org
Lawrence Schmidt,lschmidtca@va.gov
Beverly Pierce,bpiercecb@cbsnews.com
Heather Oliver,holivercc@4shared.com
Philip Johnston,pjohnstoncd@thetimes.co.uk
Peter Hall,phallce@pagesperso-orange.fr
Billy Alexander,balexandercf@taobao.com
Andrea Reyes,areyescg@nyu.edu
Eric Woods,ewoodsch@google.cn
Justin Johnston,jjohnstonci@google.it
Elizabeth Gonzales,egonzalescj@wikispaces.com
Barbara Williamson,bwilliamsonck@webmd.com
Jason Wright,jwrightcl@wordpress.org
Gary Griffin,ggriffincm@acquirethisname.com
William Stevens,wstevenscn@epa.gov
Anna Wheeler,awheelerco@instagram.com
Julie Moreno,jmorenocp@hostgator.com
Kenneth Jacobs,kjacobscq@blogger.com
Aaron Hall,ahallcr@163.com
Justin Wheeler,jwheelercs@list-manage.com
Christina Phillips,cphillipsct@free.fr
Ann Sims,asimscu@gizmodo.com
Kenneth Phillips,kphillipscv@yahoo.com
Kathleen Perry,kperrycw@privacy.gov.au
Louis Castillo,lcastillocx@godaddy.com
Thomas Diaz,tdiazcy@deliciousdays.com
Carol Henry,chenrycz@washington.edu
Elizabeth Coleman,ecolemand0@vimeo.com
Peter Fox,pfoxd1@purevolume.com
Beverly Young,byoungd2@timesonline.co.uk
Dennis Hawkins,dhawkinsd3@arizona.edu
Jason Franklin,jfranklind4@mapquest.com
Dennis Fowler,dfowlerd5@wix.com
Thomas James,tjamesd6@123-reg.co.uk
Kathryn Ramirez,kramirezd7@ehow.com
Christina Rice,criced8@addtoany.com
Ruth Williams,rwilliamsd9@theatlantic.com
Gary Garcia,ggarciada@adobe.com
Barbara Webb,bwebbdb@pen.io
Louise Reid,lreiddc@paginegialle.it
Brenda Richardson,brichardsondd@squarespace.com
Denise Peterson,dpetersonde@jiathis.com
Janice Hanson,jhansondf@springer.com
Cynthia Berry,cberrydg@elpais.com
Jessica Hunt,jhuntdh@who.int
Scott Hayes,shayesdi@shinystat.com
Lori Cook,lcookdj@guardian.co.uk
Jane Long,jlongdk@wordpress.org
Dennis Garrett,dgarrettdl@4shared.com
Wayne Wilson,wwilsondm@webeden.co.uk
Shirley Gonzalez,sgonzalezdn@forbes.com
Joseph Harvey,jharveydo@hubpages.com
Doris Sullivan,dsullivandp@ycombinator.com
Eugene Johnston,ejohnstondq@plala.or.jp
Jesse Watkins,jwatkinsdr@fastcompany.com
Kevin Sanders,ksandersds@statcounter.com
Margaret Cunningham,mcunninghamdt@usatoday.com
Brian Williamson,bwilliamsondu@cnbc.com
Adam Franklin,afranklindv@ning.com
Julia Reyes,jreyesdw@huffingtonpost.com
Daniel Sanchez,dsanchezdx@yellowpages.com
Joe Bowman,jbowmandy@t.co
Janice Ortiz,jortizdz@epa.gov
Alan Bailey,abaileye0@jalbum.net
Nicholas Diaz,ndiaze1@eventbrite.com
Julia Franklin,jfrankline2@ucoz.com
Nicole Cunningham,ncunninghame3@cbc.ca
Julie Rivera,jriverae4@spiegel.de
Janet Fields,jfieldse5@scribd.com
Janet Walker,jwalkere6@bravesites.com
Sharon Freeman,sfreemane7@xrea.com
Benjamin Woods,bwoodse8@globo.com
Debra Green,dgreene9@webs.com
Irene Powell,ipowellea@springer.com
Fred Stephens,fstephenseb@hao123.com
Charles Elliott,celliottec@livejournal.com
William Oliver,wolivered@list-manage.com
Louise Ford,lfordee@oracle.com
Todd Morgan,tmorganef@list-manage.com
Marie Murphy,mmurphyeg@comsenz.com
Maria Gray,mgrayeh@nbcnews.com
Nicholas Morris,nmorrisei@wsj.com
Jimmy Ellis,jellisej@merriam-webster.com
Nicole Butler,nbutlerek@godaddy.com
Shirley Welch,swelchel@histats.com
Julia Ferguson,jfergusonem@infoseek.co.jp
Cynthia Martin,cmartinen@mapquest.com
Joshua Day,jdayeo@indiegogo.com
Lawrence Marshall,lmarshallep@eepurl.com
Paula Welch,pwelcheq@google.it
Jane Torres,jtorreser@toplist.cz
Howard Morris,hmorrises@miibeian.gov.cn
Julie Day,jdayet@furl.net
Tina Morales,tmoraleseu@marketwatch.com
Craig Coleman,ccolemanev@google.com
Lori Rodriguez,lrodriguezew@delicious.com
Philip Graham,pgrahamex@last.fm
Todd White,twhiteey@alexa.com
Tina Freeman,tfreemanez@mlb.com
Brian Simmons,bsimmonsf0@paypal.com
Kimberly Foster,kfosterf1@ed.gov
Scott Griffin,sgriffinf2@mysql.com
Juan Gardner,jgardnerf3@telegraph.co.uk
Sarah Rogers,srogersf4@histats.com
Jimmy Hudson,jhudsonf5@bloglovin.com
Paul Kennedy,pkennedyf6@google.ru
Jane Harper,jharperf7@live.com
Lois Andrews,landrewsf8@tuttocitta.it
Benjamin Sanders,bsandersf9@google.co.jp
Jennifer Cooper,jcooperfa@wired.com
Catherine Chavez,cchavezfb@reuters.com
Jeremy Barnes,jbarnesfc@digg.com
Stephanie Riley,srileyfd@oaic.gov.au
Rachel Brooks,rbrooksfe@blogtalkradio.com
Roy Turner,rturnerff@forbes.com
Sara Rose,srosefg@chicagotribune.com
Lori Martinez,lmartinezfh@who.int
Marilyn Adams,madamsfi@diigo.com
Tammy Fields,tfieldsfj@independent.co.uk
Ruby Vasquez,rvasquezfk@indiatimes.com
Bruce Ford,bfordfl@dailymotion.com
Evelyn Shaw,eshawfm@bbc.co.uk
Kathryn Gibson,kgibsonfn@naver.com
Sharon Miller,smillerfo@gmpg.org
Eugene Kennedy,ekennedyfp@illinois.edu
Nicholas Austin,naustinfq@e-recht24.de
Doris George,dgeorgefr@latimes.com
Ann Hill,ahillfs@fastcompany.com
Barbara Mitchell,bmitchellft@alibaba.com
Donna Gomez,dgomezfu@vimeo.com
Catherine Rose,crosefv@telegraph.co.uk
Raymond Knight,rknightfw@acquirethisname.com
Timothy Williamson,twilliamsonfx@prweb.com
Susan Moore,smoorefy@paypal.com
Gloria Jenkins,gjenkinsfz@google.com
Anthony Franklin,afrankling0@bloomberg.com
Steve Hudson,shudsong1@nature.com
Susan Alexander,salexanderg2@domainmarket.com
Diane Cox,dcoxg3@slate.com
Rachel Frazier,rfrazierg4@bloomberg.com
James Berry,jberryg5@domainmarket.com
Frank Austin,fausting6@adobe.com
Michelle Smith,msmithg7@google.de
Evelyn Nelson,enelsong8@mashable.com
Paula Moreno,pmorenog9@businesswire.com
Melissa Berry,mberryga@addtoany.com
Chris Bishop,cbishopgb@goodreads.com
Rebecca Morales,rmoralesgc@wunderground.com
Joan Allen,jallengd@paypal.com
Ryan Garcia,rgarciage@1und1.de
Willie Burton,wburtongf@youku.com
Sharon Rice,sricegg@cpanel.net
Eric Medina,emedinagh@cocolog-nifty.com
Joe Perkins,jperkinsgi@biglobe.ne.jp
Sharon Henry,shenrygj@cdbaby.com
Aaron Miller,amillergk@salon.com
Christopher Crawford,ccrawfordgl@tiny.cc
Steve Gonzales,sgonzalesgm@lycos.com
Gary Day,gdaygn@odnoklassniki.ru
Marilyn Myers,mmyersgo@deliciousdays.com
Albert Campbell,acampbellgp@ning.com
Andrew Larson,alarsongq@google.co.jp
John Howell,jhowellgr@blog.com
Andrea Davis,adavisgs@earthlink.net
Todd Elliott,telliottgt@meetup.com
Rose Porter,rportergu@plala.or.jp
Craig Davis,cdavisgv@jalbum.net
Randy Richards,rrichardsgw@mediafire.com
Sharon Allen,sallengx@istockphoto.com
Jerry Hansen,jhansengy@guardian.co.uk
Bruce Day,bdaygz@ycombinator.com
Terry Crawford,tcrawfordh0@statcounter.com
Craig Wagner,cwagnerh1@wiley.com
Timothy Banks,tbanksh2@weibo.com
Christopher Bailey,cbaileyh3@fastcompany.com
Henry Garrett,hgarretth4@upenn.edu
Jack Nguyen,jnguyenh5@msu.edu
Juan Ortiz,jortizh6@sogou.com
Lori Ruiz,lruizh7@ucoz.ru
Janice Marshall,jmarshallh8@census.gov
Kevin Wells,kwellsh9@com.com
William Peterson,wpetersonha@mayoclinic.com
Robin Webb,rwebbhb@vk.com
Matthew Clark,mclarkhc@apple.com
Robert Frazier,rfrazierhd@opera.com
Chris Gardner,cgardnerhe@amazonaws.com
Norma Carter,ncarterhf@bing.com
Samuel Harper,sharperhg@freewebs.com
Linda Edwards,ledwardshh@tinyurl.com
Louise Moore,lmoorehi@free.fr
Frank Tucker,ftuckerhj@home.pl
Lois Fowler,lfowlerhk@umn.edu
Angela West,awesthl@blogspot.com
Bruce Walker,bwalkerhm@dion.ne.jp
Diane Price,dpricehn@netvibes.com
Ralph Olson,rolsonho@so-net.ne.jp
Kathleen Ross,krosshp@deviantart.com
Juan Meyer,jmeyerhq@instagram.com
Jeremy Black,jblackhr@smh.com.au
Willie Torres,wtorreshs@tripadvisor.com
Adam Long,alonght@nbcnews.com
Diane Berry,dberryhu@seattletimes.com
Judith Taylor,jtaylorhv@reference.com
Joan Burke,jburkehw@bloglovin.com
Betty Larson,blarsonhx@g.co
Doris Ryan,dryanhy@unesco.org
Andrew Russell,arussellhz@mysql.com
Jerry Palmer,jpalmeri0@apple.com
Kathy Foster,kfosteri1@washington.edu
Lori Rodriguez,lrodriguezi2@comsenz.com
Diane Fox,dfoxi3@craigslist.org
Heather Castillo,hcastilloi4@discovery.com
Sarah Johnston,sjohnstoni5@vimeo.com
Paula Black,pblacki6@geocities.com
Bobby Palmer,bpalmeri7@vkontakte.ru
Steve Alexander,salexanderi8@biblegateway.com
Diane Romero,dromeroi9@myspace.com
Irene Ross,irossia@jimdo.com
Aaron Murphy,amurphyib@booking.com
Jean Little,jlittleic@icq.com
Laura Reid,lreidid@google.com.au
Judith Dean,jdeanie@narod.ru
Mary Williamson,mwilliamsonif@ning.com
Diana Ruiz,druizig@twitter.com
Barbara Gonzalez,bgonzalezih@wufoo.com
Susan Turner,sturnerii@free.fr
Steve Henderson,shendersonij@tinyurl.com
Catherine Bailey,cbaileyik@pagesperso-orange.fr
Theresa Fowler,tfowleril@ft.com
Joyce Dixon,jdixonim@gravatar.com
Phillip Hayes,phayesin@youtube.com
Steve Richards,srichardsio@google.com.hk
Michael Palmer,mpalmerip@nature.com
Kathleen Knight,kknightiq@myspace.com
Sandra Austin,saustinir@timesonline.co.uk
Andrew Bailey,abaileyis@buzzfeed.com
Debra Cunningham,dcunninghamit@typepad.com
Ralph Wright,rwrightiu@github.com
Annie Bradley,abradleyiv@marketwatch.com
Christine Coleman,ccolemaniw@bigcartel.com
Denise Richardson,drichardsonix@cnbc.com
Henry Perez,hpereziy@loc.gov
Philip Allen,palleniz@1und1.de
Stephanie Willis,swillisj0@berkeley.edu
Paul Matthews,pmatthewsj1@craigslist.org
Aaron Martin,amartinj2@godaddy.com
Harry Romero,hromeroj3@nhs.uk
Adam Hall,ahallj4@globo.com
Ralph Vasquez,rvasquezj5@naver.com
Jessica Sanchez,jsanchezj6@theglobeandmail.com
Christina Elliott,celliottj7@cnn.com
Terry George,tgeorgej8@phoca.cz
Aaron Adams,aadamsj9@pbs.org
Jeffrey Wallace,jwallaceja@huffingtonpost.com
Emily Ford,efordjb@google.pl
Shirley Hawkins,shawkinsjc@arizona.edu
Janet Bennett,jbennettjd@boston.com
Mary Montgomery,mmontgomeryje@soup.io
Ryan Meyer,rmeyerjf@seattletimes.com
Howard Peters,hpetersjg@cdc.gov
Alice Lewis,alewisjh@google.co.jp
Jessica Mcdonald,jmcdonaldji@msn.com
Cheryl Pierce,cpiercejj@quantcast.com
Marilyn Little,mlittlejk@unicef.org
Mildred Elliott,melliottjl@wufoo.com
Patrick Lynch,plynchjm@opensource.org
Todd Kelley,tkelleyjn@i2i.jp
George Andrews,gandrewsjo@dropbox.com
Kathleen Bradley,kbradleyjp@uiuc.edu
Daniel Daniels,ddanielsjq@webmd.com
Wanda Berry,wberryjr@slashdot.org
Ralph Harvey,rharveyjs@yellowpages.com
Jimmy Richards,jrichardsjt@taobao.com
Ann Murray,amurrayju@feedburner.com
Mark Ward,mwardjv@psu.edu
Ruby Kim,rkimjw@scribd.com
Raymond Torres,rtorresjx@artisteer.com
Kathy Elliott,kelliottjy@nps.gov
Virginia Pierce,vpiercejz@edublogs.org
Diane Ramos,dramosk0@mapy.cz
Donna Parker,dparkerk1@clickbank.net
Judy Murray,jmurrayk2@github.com
Tammy Palmer,tpalmerk3@indiatimes.com
Phyllis Baker,pbakerk4@ustream.tv
Carlos Rogers,crogersk5@unesco.org
Lisa Moore,lmoorek6@ftc.gov
Robin Evans,revansk7@state.gov
Ernest Ferguson,efergusonk8@a8.net
Angela Wright,awrightk9@ovh.net
Margaret Hansen,mhansenka@amazon.de
Steven Wood,swoodkb@fotki.com
Ruby Chapman,rchapmankc@techcrunch.com
Dorothy Reynolds,dreynoldskd@prlog.org
Christopher Bennett,cbennettke@uol.com.br
Ronald Bennett,rbennettkf@ocn.ne.jp
Clarence Dixon,cdixonkg@mediafire.com
Wayne Garcia,wgarciakh@taobao.com
Shirley Allen,sallenki@squidoo.com
Earl Griffin,egriffinkj@imdb.com
Martin Lopez,mlopezkk@usa.gov
Bobby Shaw,bshawkl@stanford.edu
Michelle Turner,mturnerkm@nih.gov
Alice Bryant,abryantkn@netvibes.com
Jason Gordon,jgordonko@amazon.de
Jane Ramos,jramoskp@japanpost.jp
Wayne Hayes,whayeskq@europa.eu
Shirley Martin,smartinkr@bloglines.com
Janet Washington,jwashingtonks@howstuffworks.com
Alice Sullivan,asullivankt@homestead.com
Alice Miller,amillerku@toplist.cz
Lillian Edwards,ledwardskv@ifeng.com
Catherine Ellis,celliskw@ted.com
Marilyn Robinson,mrobinsonkx@t.co
Andrew Snyder,asnyderky@dyndns.org
Louis Hughes,lhugheskz@istockphoto.com
Douglas Sims,dsimsl0@themeforest.net
Kathy Armstrong,karmstrongl1@vkontakte.ru
Nicholas Austin,naustinl2@economist.com
Antonio Day,adayl3@omniture.com
Barbara Griffin,bgriffinl4@indiatimes.com
Dennis Reyes,dreyesl5@miibeian.gov.cn
Ronald Turner,rturnerl6@pcworld.com
Ralph Griffin,rgriffinl7@t-online.de
Linda Carpenter,lcarpenterl8@vkontakte.ru
Jeffrey Fuller,jfullerl9@wordpress.org
Mildred Moreno,mmorenola@mayoclinic.com
Ruth Gilbert,rgilbertlb@hostgator.com
Philip Flores,pfloreslc@cdc.gov
Clarence Moreno,cmorenold@springer.com
Randy Baker,rbakerle@washington.edu
Joe Ward,jwardlf@time.com
Willie Hamilton,whamiltonlg@bing.com
Steven Carter,scarterlh@comsenz.com
Wanda Parker,wparkerli@google.com
Christina Davis,cdavislj@hibu.com
Brandon Ramirez,bramirezlk@vk.com
Sandra Cole,scolell@tinyurl.com
Andrea Lawson,alawsonlm@ihg.com
Kathryn Fuller,kfullerln@microsoft.com
Rebecca Chapman,rchapmanlo@so-net.ne.jp
Cynthia Martinez,cmartinezlp@de.vu
Steve Hunter,shunterlq@timesonline.co.uk
Karen Day,kdaylr@nps.gov
Daniel Castillo,dcastillols@google.cn
Jeffrey Reid,jreidlt@free.fr
Emily Willis,ewillislu@craigslist.org
Janice Vasquez,jvasquezlv@jimdo.com
Lisa Stevens,lstevenslw@mozilla.com
Amy Sullivan,asullivanlx@disqus.com
Cheryl Harris,charrisly@amazon.de
Joseph Sullivan,jsullivanlz@nasa.gov
Timothy Day,tdaym0@over-blog.com
Walter Richardson,wrichardsonm1@nature.com
Marilyn Grant,mgrantm2@printfriendly.com
Tammy Lewis,tlewism3@yahoo.com
Chris Lewis,clewism4@edublogs.org
Judy Stanley,jstanleym5@sciencedirect.com
Donald Griffin,dgriffinm6@ox.ac.uk
Susan Powell,spowellm7@discovery.com
Lois Hernandez,lhernandezm8@yandex.ru
Billy Davis,bdavism9@cnet.com
Mark Greene,mgreenema@wired.com
Anthony Reyes,areyesmb@blogger.com
Helen Matthews,hmatthewsmc@pen.io
Julie Morris,jmorrismd@ucsd.edu
Nicholas Hicks,nhicksme@over-blog.com
Gerald Knight,gknightmf@foxnews.com
Amy Willis,awillismg@newsvine.com
Donna Gutierrez,dgutierrezmh@seesaa.net
Teresa Spencer,tspencermi@yolasite.com
Sara Carr,scarrmj@indiegogo.com
Juan Payne,jpaynemk@histats.com
Alan Hudson,ahudsonml@qq.com
Michelle Hernandez,mhernandezmm@youtu.be
Wayne Butler,wbutlermn@uol.com.br
Harry Montgomery,hmontgomerymo@goo.ne.jp
Sharon Rose,srosemp@sina.com.cn
Joe Green,jgreenmq@newyorker.com
Heather Anderson,handersonmr@prlog.org
Kimberly Shaw,kshawms@barnesandnoble.com
William Hanson,whansonmt@dagondesign.com
Carl Collins,ccollinsmu@globo.com
Sarah Collins,scollinsmv@seesaa.net
Joshua Andrews,jandrewsmw@apache.org
Wayne Ford,wfordmx@canalblog.com
Teresa Hawkins,thawkinsmy@shinystat.com
Sharon Dunn,sdunnmz@stumbleupon.com
Ralph Perkins,rperkinsn0@sourceforge.net
Joyce Nichols,jnicholsn1@hhs.gov
Joyce Henderson,jhendersonn2@sphinn.com
Edward Flores,efloresn3@ask.com
Keith Little,klittlen4@psu.edu
Douglas Butler,dbutlern5@woothemes.com
Sandra Ramirez,sramirezn6@nationalgeographic.com
Teresa Ward,twardn7@rambler.ru
Arthur Webb,awebbn8@behance.net
Carl Stone,cstonen9@yolasite.com
Ernest Pierce,epiercena@altervista.org
Donna Price,dpricenb@time.com
Jesse Bowman,jbowmannc@ucoz.com
Justin Turner,jturnernd@blinklist.com
Betty Robertson,brobertsonne@abc.net.au
Dorothy Mendoza,dmendozanf@fotki.com
Russell Parker,rparkerng@youtube.com
Steve Ryan,sryannh@acquirethisname.com
Edward Ramirez,eramirezni@bloomberg.com
Rebecca Rivera,rriveranj@joomla.org
Daniel Allen,dallennk@storify.com
Elizabeth Vasquez,evasqueznl@columbia.edu
Helen Gray,hgraynm@apache.org
Gerald Hanson,ghansonnn@gmpg.org
Willie Ellis,wellisno@engadget.com
Joan Kim,jkimnp@google.ru
Diana Shaw,dshawnq@sciencedirect.com
Marilyn Hansen,mhansennr@timesonline.co.uk
Laura Hamilton,lhamiltonns@epa.gov
Gary Sanders,gsandersnt@a8.net
Stephanie Dixon,sdixonnu@youtu.be
Bruce Myers,bmyersnv@purevolume.com
Albert Lewis,alewisnw@goo.gl
John Wood,jwoodnx@bluehost.com
Lawrence Montgomery,lmontgomeryny@cafepress.com
Michelle Little,mlittlenz@si.edu
Earl Miller,emillero0@virginia.edu
Raymond Larson,rlarsono1@ucla.edu
Gerald Ortiz,gortizo2@360.cn
Arthur Reynolds,areynoldso3@umn.edu
Robert Carter,rcartero4@usnews.com
Wayne Mitchell,wmitchello5@sogou.com
Keith Baker,kbakero6@fema.gov
Antonio Mcdonald,amcdonaldo7@rakuten.co.jp
Carolyn Harper,charpero8@seattletimes.com
Emily Riley,erileyo9@samsung.com
Christopher Gibson,cgibsonoa@utexas.edu
Kenneth Hamilton,khamiltonob@toplist.cz
Sara Morrison,smorrisonoc@ed.gov
Peter Simpson,psimpsonod@disqus.com
George Parker,gparkeroe@paginegialle.it
Melissa Frazier,mfrazierof@npr.org
Shawn Kelly,skellyog@npr.org
Evelyn Rose,eroseoh@youtube.com
Sandra Knight,sknightoi@twitpic.com
Andrew Nelson,anelsonoj@vk.com
Robin Gardner,rgardnerok@deviantart.com
Katherine Warren,kwarrenol@prnewswire.com
Stephanie Rogers,srogersom@google.cn
Jennifer Kennedy,jkennedyon@europa.eu
Kenneth Gilbert,kgilbertoo@google.cn
Jack Myers,jmyersop@people.com.cn
Jacqueline Peters,jpetersoq@google.com
Juan Perez,jperezor@archive.org
Margaret Martin,mmartinos@jugem.jp
Jose Harvey,jharveyot@newsvine.com
Ralph Hansen,rhansenou@jalbum.net
Janice Fuller,jfullerov@typepad.com
Walter Armstrong,warmstrongow@naver.com
Roger Wheeler,rwheelerox@wikispaces.com
Jeffrey Perry,jperryoy@unesco.org
Diana Kim,dkimoz@go.com
Julia Fields,jfieldsp0@bbc.co.uk
Scott Brooks,sbrooksp1@wisc.edu
Jimmy Lopez,jlopezp2@fotki.com
Jesse King,jkingp3@webeden.co.uk
Gloria Warren,gwarrenp4@cnbc.com
Justin Gonzales,jgonzalesp5@icio.us
Eugene Ramirez,eramirezp6@salon.com
George Scott,gscottp7@360.cn
Lois Meyer,lmeyerp8@webnode.com
Juan Clark,jclarkp9@theguardian.com
Phyllis Gomez,pgomezpa@soundcloud.com
Carol Baker,cbakerpb@shop-pro.jp
Earl Romero,eromeropc@digg.com
Joseph Stephens,jstephenspd@webmd.com
Phillip Roberts,probertspe@bizjournals.com
Doris Grant,dgrantpf@godaddy.com
Judith James,jjamespg@yolasite.com
Cynthia Lewis,clewisph@techcrunch.com
Rebecca Perkins,rperkinspi@cornell.edu
Andrea Mendoza,amendozapj@businesswire.com
Catherine Wells,cwellspk@businessweek.com
Alice Ford,afordpl@paginegialle.it
Helen Tucker,htuckerpm@fastcompany.com
Jeremy Franklin,jfranklinpn@msn.com
Jerry Morales,jmoralespo@newsvine.com
Earl Larson,elarsonpp@stanford.edu
Brandon Hansen,bhansenpq@dyndns.org
Jonathan Garrett,jgarrettpr@themeforest.net
Victor Kim,vkimps@ovh.net
Joan Dixon,jdixonpt@ft.com
Keith Vasquez,kvasquezpu@mediafire.com
Matthew Williams,mwilliamspv@washingtonpost.com
Larry Ramirez,lramirezpw@wordpress.com
Janet Daniels,jdanielspx@cdbaby.com
Alice Knight,aknightpy@abc.net.au
Roy Morrison,rmorrisonpz@ow.ly
Alan Wells,awellsq0@state.tx.us
Charles Howard,chowardq1@studiopress.com
Cynthia Howard,chowardq2@netvibes.com
Howard Brooks,hbrooksq3@soundcloud.com
Theresa Rose,troseq4@aboutads.info
Ryan Henderson,rhendersonq5@buzzfeed.com
Sharon Palmer,spalmerq6@cocolog-nifty.com
Jose Roberts,jrobertsq7@pinterest.com
Philip Black,pblackq8@yale.edu
Joan Mason,jmasonq9@meetup.com
Evelyn Pierce,epierceqa@ft.com
Gregory Campbell,gcampbellqb@unicef.org
Eric Smith,esmithqc@pinterest.com
Doris Lynch,dlynchqd@deliciousdays.com
Andrew Lee,aleeqe@reverbnation.com
Jeffrey Washington,jwashingtonqf@edublogs.org
Nicholas Peterson,npetersonqg@irs.gov
Eugene Porter,eporterqh@nhs.uk
Harry Mendoza,hmendozaqi@aol.com
Kevin Medina,kmedinaqj@alibaba.com
Arthur Harris,aharrisqk@gizmodo.com
Louis Adams,ladamsql@360.cn
Jeremy Riley,jrileyqm@ifeng.com
Craig Stevens,cstevensqn@aboutads.info
Robin Green,rgreenqo@hc360.com
Russell Henry,rhenryqp@163.com
Terry Nguyen,tnguyenqq@ted.com
Judith Morales,jmoralesqr@booking.com
Gloria West,gwestqs@rakuten.co.jp
Melissa Hill,mhillqt@ucsd.edu
Judy Kelley,jkelleyqu@multiply.com
Anna Hunter,ahunterqv@desdev.cn
Karen Ryan,kryanqw@nhs.uk
Daniel Johnson,djohnsonqx@delicious.com
Julia Bell,jbellqy@techcrunch.com
Denise Shaw,dshawqz@webmd.com
Joan Alvarez,jalvarezr0@facebook.com
Ralph Myers,rmyersr1@drupal.org
Steven Lawson,slawsonr2@com.com
Sean Simmons,ssimmonsr3@delicious.com
Wayne Cox,wcoxr4@sciencedaily.com
Judith Franklin,jfranklinr5@woothemes.com
Carl Wood,cwoodr6@blogger.com
Roy Sims,rsimsr7@irs.gov
Kelly Jenkins,kjenkinsr8@acquirethisname.com
Jacqueline Jones,jjonesr9@furl.net
Gregory Vasquez,gvasquezra@icq.com
Theresa Gutierrez,tgutierrezrb@dropbox.com
Phillip Fisher,pfisherrc@ft.com
Teresa Matthews,tmatthewsrd@blogspot.com
Bruce Foster,bfosterre@meetup.com
Michelle Carr,mcarrrf@e-recht24.de
Sandra Long,slongrg@jimdo.com
Kelly Garrett,kgarrettrh@intel.com
Brandon Harrison,bharrisonri@jugem.jp
Stephanie Sullivan,ssullivanrj@ezinearticles.com
Marilyn Bishop,mbishoprk@elegantthemes.com
Jerry Ford,jfordrl@nationalgeographic.com
James Hunt,jhuntrm@homestead.com
Douglas Nichols,dnicholsrn@godaddy.com
Ronald Edwards,redwardsro@topsy.com
Phyllis Burke,pburkerp@paypal.com
Lois Campbell,lcampbellrq@xinhuanet.com
Craig Pierce,cpiercerr@i2i.jp
