597,Walter,Perkins,wperkins0@spotify.com,Male
615,Kathleen,Moore,kmoore1@walmart.com,Female
279,Douglas,Bishop,dbishop2@blogs.com,Male
576,John,Gutierrez,jgutierrez3@free.fr,Male
910,Matthew,Elliott,melliott4@multiply.com,Male
180,Richard,Morgan,rmorgan5@google.com.br,Male
237,Kenneth,Taylor,ktaylor6@ibm.com,Male
294,Antonio,Reyes,areyes7@yahoo.co.jp,Male
638,Brian,Palmer,bpalmer8@macromedia.com,Male
559,Frank,Kennedy,fkennedy9@smh.com.au,Male
877,Linda,Barnes,lbarnesa@pinterest.com,Female
96,Kathy,Webb,kwebbb@tumblr.com,Female
54,Jimmy,Reyes,jreyesc@economist.com,Male
736,Bobby,Andrews,bandrewsd@vistaprint.com,Male
356,Norma,Riley,nrileye@businesswire.com,Female
246,Lawrence,Gray,lgrayf@smugmug.com,Male
258,Thomas,Fisher,tfisherg@barnesandnoble.com,Male
862,Kelly,Gonzalez,kgonzalezh@nasa.gov,Female
591,Anna,Payne,apaynei@fema.gov,Female
131,Donald,Graham,dgrahamj@issuu.com,Male
19,Tammy,Medina,tmedinak@dagondesign.com,Female
171,Janice,Jordan,jjordanl@barnesandnoble.com,Female
167,Helen,Hawkins,hhawkinsm@com.com,Female
111,Diana,Bell,dbelln@simplemachines.org,Female
190,Jennifer,Richards,jrichardso@cdc.gov,Female
88,Peter,Reed,preedp@ftc.gov,Male
238,Jonathan,Willis,jwillisq@buzzfeed.com,Male
217,Ruby,Carroll,rcarrollr@devhub.com,Female
648,Theresa,Cooper,tcoopers@flickr.com,Female
564,Robin,James,rjamest@purevolume.com,Female
306,Gregory,Hall,ghallu@ning.com,Male
900,Jason,Berry,jberryv@elpais.com,Male
612,Terry,Cox,tcoxw@google.nl,Male
161,Roy,Cooper,rcooperx@digg.com,Male
687,Scott,Simmons,ssimmonsy@imageshack.us,Male
736,Jacqueline,Lawson,jlawsonz@chronoengine.com,Female
822,Timothy,Bell,tbell10@tmall.com,Male
968,Jeremy,Evans,jevans11@meetup.com,Male
803,Willie,Jones,wjones12@so-net.ne.jp,Male
173,Henry,Wagner,hwagner13@t.co,Male
159,Andrew,Miller,amiller14@geocities.jp,Male
393,Ralph,Moreno,rmoreno15@discuz.net,Male
334,Joshua,Tucker,jtucker16@weibo.com,Male
894,Andrew,Willis,awillis17@salon.com,Male
327,Emily,Jenkins,ejenkins18@irs.gov,Female
798,Lois,Peters,lpeters19@unc.edu,Female
848,Kathryn,Hawkins,khawkins1a@bbb.org,Female
293,Ryan,Bishop,rbishop1b@nytimes.com,Male
137,Fred,Rose,frose1c@aboutads.info,Male
81,Elizabeth,Ramos,eramos1d@marketwatch.com,Female
167,Jerry,King,jking1e@washington.edu,Male
183,Diana,Cunningham,dcunningham1f@ucoz.com,Female
283,Jeffrey,Foster,jfoster1g@nymag.com,Male
588,Lillian,West,lwest1h@de.vu,Female
298,Juan,Shaw,jshaw1i@comsenz.com,Male
769,Barbara,Hudson,bhudson1j@purevolume.com,Female
427,Tina,Campbell,tcampbell1k@opensource.org,Female
48,Brenda,Sanchez,bsanchez1l@arstechnica.com,Female
664,Jonathan,Price,jprice1m@pen.io,Male
937,Larry,Stone,lstone1n@engadget.com,Male
198,Ann,Greene,agreene1o@java.com,Female
940,Andrew,Nelson,anelson1p@symantec.com,Male
633,Fred,Anderson,fanderson1q@artisteer.com,Male
908,Laura,Garcia,lgarcia1r@oaic.gov.au,Female
951,Carlos,Romero,cromero1s@sogou.com,Male
226,Frances,Brooks,fbrooks1t@reddit.com,Female
969,Barbara,Austin,baustin1u@blogtalkradio.com,Female
492,Jesse,Sims,jsims1v@gmpg.org,Male
575,Melissa,Moreno,mmoreno1w@tripadvisor.com,Female
78,Ernest,Cole,ecole1x@tamu.edu,Male
396,Juan,Martinez,jmartinez1y@macromedia.com,Male
256,Janet,Dixon,jdixon1z@g.co,Female
856,Adam,Mendoza,amendoza20@topsy.com,Male
559,David,Armstrong,darmstrong21@umich.edu,Male
867,Betty,Knight,bknight22@oakley.com,Female
574,Michael,Snyder,msnyder23@domainmarket.com,Male
445,Donald,Stewart,dstewart24@toplist.cz,Male
84,Paula,Lawson,plawson25@angelfire.com,Female
84,Samuel,Ray,sray26@dyndns.org,Male
655,Lori,Hicks,lhicks27@about.me,Female
105,Heather,Stephens,hstephens28@amazon.com,Female
277,Paul,Garrett,pgarrett29@dropbox.com,Male
991,Angela,Lopez,alopez2a@tripadvisor.com,Female
134,Donald,Ryan,dryan2b@clickbank.net,Male
17,Donna,Ellis,dellis2c@lycos.com,Female
559,Jessica,Gordon,jgordon2d@nymag.com,Female
190,Maria,Wood,mwood2e@hc360.com,Female
92,Richard,Elliott,relliott2f@wordpress.org,Male
248,Laura,Turner,lturner2g@epa.gov,Female
679,Albert,Myers,amyers2h@va.gov,Male
958,Walter,Rivera,wrivera2i@accuweather.com,Male
125,Joan,Lee,jlee2j@tumblr.com,Female
719,Roger,Matthews,rmatthews2k@elegantthemes.com,Male
236,Joan,Banks,jbanks2l@globo.com,Female
521,Anthony,Smith,asmith2m@digg.com,Male
782,Lori,Carr,lcarr2n@fda.gov,Female
573,Joyce,Lynch,jlynch2o@addtoany.com,Female
294,Christine,Ferguson,cferguson2p@ebay.co.uk,Female
197,Lori,Olson,lolson2q@instagram.com,Female
818,Virginia,Price,vprice2r@facebook.com,Female
936,Nicole,Ramos,nramos2s@altervista.org,Female
607,Maria,Tucker,mtucker2t@alibaba.com,Female
600,Janet,Nguyen,jnguyen2u@cornell.edu,Female
823,Craig,Robinson,crobinson2v@edublogs.org,Male
859,Raymond,Adams,radams2w@shinystat.com,Male
872,Andrea,Moore,amoore2x@google.fr,Female
918,Cynthia,Lee,clee2y@opensource.org,Female
409,Lisa,Gordon,lgordon2z@soundcloud.com,Female
575,Frances,Henderson,fhenderson30@scribd.com,Female
454,Michelle,Richards,mrichards31@barnesandnoble.com,Female
640,Wayne,Matthews,wmatthews32@blinklist.com,Male
225,Jane,Banks,jbanks33@tinyurl.com,Female
566,Elizabeth,Johnston,ejohnston34@weibo.com,Female
236,Maria,Tucker,mtucker35@wordpress.com,Female
278,Katherine,Harrison,kharrison36@tinyurl.com,Female
562,Patrick,Robinson,probinson37@behance.net,Male
59,Chris,Owens,cowens38@ucla.edu,Male
797,Lillian,Gomez,lgomez39@amazonaws.com,Female
896,Helen,Kennedy,hkennedy3a@jimdo.com,Female
816,Donna,West,dwest3b@eepurl.com,Female
612,Stephanie,Parker,sparker3c@etsy.com,Female
711,Diana,Webb,dwebb3d@nymag.com,Female
56,Amanda,Oliver,aoliver3e@mediafire.com,Female
650,Alice,Olson,aolson3f@goo.gl,Female
329,Billy,Watkins,bwatkins3g@domainmarket.com,Male
150,Ernest,Green,egreen3h@independent.co.uk,Male
356,Jimmy,Spencer,jspencer3i@list-manage.com,Male
720,Katherine,Brooks,kbrooks3j@uiuc.edu,Female
582,Sandra,Dunn,sdunn3k@umn.edu,Female
391,Kathleen,George,kgeorge3l@wix.com,Female
744,Linda,Smith,lsmith3m@eepurl.com,Female
814,Rose,Richards,rrichards3n@utexas.edu,Female
881,Ruth,Wagner,rwagner3o@webnode.com,Female
148,Craig,Kennedy,ckennedy3p@businessweek.com,Male
107,Anne,Diaz,adiaz3q@mlb.com,Female
534,Margaret,Willis,mwillis3r@multiply.com,Female
78,Ann,Schmidt,aschmidt3s@netlog.com,Female
832,Jacqueline,Crawford,jcrawford3t@businesswire.com,Female
71,Theresa,Allen,tallen3u@google.it,Female
980,Eric,Hawkins,ehawkins3v@imageshack.us,Male
953,Christine,Burns,cburns3w@ocn.ne.jp,Female
391,Sharon,Roberts,sroberts3x@kickstarter.com,Female
752,Martha,Alexander,malexander3y@slashdot.org,Female
16,Brandon,Freeman,bfreeman3z@exblog.jp,Male
469,Mary,Cruz,mcruz40@elpais.com,Female
361,Elizabeth,Simmons,esimmons41@goo.ne.jp,Female
212,Donald,Shaw,dshaw42@cargocollective.com,Male
987,Jimmy,Reed,jreed43@nymag.com,Male
229,Linda,Shaw,lshaw44@ca.gov,Female
267,Beverly,Holmes,bholmes45@mapquest.com,Female
862,Nicole,Boyd,nboyd46@blogtalkradio.com,Female
966,Deborah,Boyd,dboyd47@fastcompany.com,Female
747,Julia,Sullivan,jsullivan48@netscape.com,Female
777,Kimberly,Sullivan,ksullivan49@businesswire.com,Female
908,Martin,Mason,mmason4a@ow.ly,Male
800,Timothy,Moreno,tmoreno4b@wsj.com,Male
99,Harry,Bowman,hbowman4c@feedburner.com,Male
512,Harold,Burton,hburton4d@adobe.com,Male
355,Kelly,Powell,kpowell4e@ovh.net,Female
269,Jane,Mccoy,jmccoy4f@gov.uk,Female
806,Kevin,Weaver,kweaver4g@ycombinator.com,Male
550,Kimberly,Nguyen,knguyen4h@phpbb.com,Female
801,Roy,Ruiz,rruiz4i@narod.ru,Male
623,Edward,Rodriguez,erodriguez4j@imageshack.us,Male
836,Ruby,Vasquez,rvasquez4k@prlog.org,Female
129,Richard,Watson,rwatson4l@xrea.com,Male
432,Edward,Dean,edean4m@tinyurl.com,Male
960,Samuel,Nguyen,snguyen4n@is.gd,Male
338,Janet,Robertson,jrobertson4o@npr.org,Female
555,Benjamin,Wilson,bwilson4p@craigslist.org,Male
497,Sharon,Burton,sburton4q@mac.com,Female
916,Louise,Myers,lmyers4r@infoseek.co.jp,Female
187,Gloria,Daniels,gdaniels4s@reference.com,Female
740,Joshua,Roberts,jroberts4t@archive.org,Male
895,Nicholas,Myers,nmyers4u@webnode.com,Male
833,Lois,Gilbert,lgilbert4v@uiuc.edu,Female
102,Rose,Sullivan,rsullivan4w@domainmarket.com,Female
769,Joe,Hamilton,jhamilton4x@sciencedirect.com,Male
125,Randy,Cox,rcox4y@cnn.com,Male
969,Ann,Howard,ahoward4z@fastcompany.com,Female
163,Jessica,Bryant,jbryant50@people.com.cn,Female
91,Barbara,Gonzalez,bgonzalez51@boston.com,Female
887,Karen,Evans,kevans52@youku.com,Female
836,Bruce,Phillips,bphillips53@friendfeed.com,Male
633,Adam,Moore,amoore54@intel.com,Male
296,Michael,Green,mgreen55@nature.com,Male
1000,Mary,Moreno,mmoreno56@usda.gov,Female
243,Eric,Parker,eparker57@sitemeter.com,Male
306,Amanda,King,aking58@github.com,Female
320,Shawn,Johnson,sjohnson59@cam.ac.uk,Male
270,Brandon,Thompson,bthompson5a@trellian.com,Male
772,Roy,Parker,rparker5b@blogtalkradio.com,Male
710,Juan,Watson,jwatson5c@salon.com,Male
616,Norma,Richardson,nrichardson5d@indiegogo.com,Female
790,Linda,Burton,lburton5e@epa.gov,Female
711,Sara,Collins,scollins5f@ow.ly,Female
121,Donna,Alvarez,dalvarez5g@mashable.com,Female
38,Mark,Lane,mlane5h@moonfruit.com,Male
153,Anna,Johnston,ajohnston5i@histats.com,Female
371,Juan,Warren,jwarren5j@flickr.com,Male
932,Bonnie,Chapman,bchapman5k@washington.edu,Female
118,Billy,Palmer,bpalmer5l@blogs.com,Male
741,Andrea,Collins,acollins5m@youtube.com,Female
623,Larry,Fields,lfields5n@plala.or.jp,Male
146,Russell,Cook,rcook5o@usatoday.com,Male
174,Todd,Webb,twebb5p@cdc.gov,Male
768,Jose,Chavez,jchavez5q@fda.gov,Male
681,Gregory,Graham,ggraham5r@bigcartel.com,Male
778,Juan,Greene,jgreene5s@discovery.com,Male
829,Linda,Burke,lburke5t@addtoany.com,Female
557,Robin,Green,rgreen5u@seesaa.net,Female
579,Joyce,Tucker,jtucker5v@nih.gov,Female
525,Frank,Morgan,fmorgan5w@sbwire.com,Male
330,Randy,Jenkins,rjenkins5x@cloudflare.com,Male
180,Dennis,Sullivan,dsullivan5y@tripadvisor.com,Male
109,Andrew,Fernandez,afernandez5z@ucoz.com,Male
480,Anna,Burns,aburns60@4shared.com,Female
435,Victor,Fields,vfields61@hubpages.com,Male
613,Phillip,Payne,ppayne62@deliciousdays.com,Male
127,Theresa,Fox,tfox63@php.net,Female
533,Julie,Flores,jflores64@google.fr,Female
720,Christine,Pierce,cpierce65@google.nl,Female
576,Jason,Nelson,jnelson66@theglobeandmail.com,Male
155,Brenda,George,bgeorge67@cafepress.com,Female
638,Johnny,Ryan,jryan68@pagesperso-orange.fr,Male
878,Christina,Jordan,cjordan69@usa.gov,Female
742,Gary,Ward,gward6a@exblog.jp,Male
926,Howard,Boyd,hboyd6b@comsenz.com,Male
891,Stephen,Garza,sgarza6c@homestead.com,Male
548,Randy,Gonzales,rgonzales6d@nature.com,Male
904,Matthew,Gonzales,mgonzales6e@last.fm,Male
627,Marie,Garrett,mgarrett6f@google.fr,Female
342,Kathy,Berry,kberry6g@bloomberg.com,Female
316,Alice,Lewis,alewis6h@webnode.com,Female
300,Teresa,Reyes,treyes6i@deliciousdays.com,Female
338,Mark,Dunn,mdunn6j@angelfire.com,Male
792,Andrew,Lane,alane6k@smugmug.com,Male
354,Katherine,Rose,krose6l@w3.org,Female
541,James,Reyes,jreyes6m@cdbaby.com,Male
561,Sharon,Ramirez,sramirez6n@com.com,Female
167,Brian,Payne,bpayne6o@topsy.com,Male
236,Larry,James,ljames6p@newsvine.com,Male
927,Martin,Young,myoung6q@ow.ly,Male
308,Diana,Hanson,dhanson6r@state.gov,Female
760,Thomas,Ferguson,tferguson6s@gravatar.com,Male
795,Paula,Lawson,plawson6t@ehow.com,Female
438,Gregory,Price,gprice6u@ibm.com,Male
513,Timothy,Burton,tburton6v@google.ca,Male
743,Kathryn,Spencer,kspencer6w@tumblr.com,Female
496,Dorothy,Moreno,dmoreno6x@twitter.com,Female
11,Arthur,Payne,apayne6y@google.com.au,Male
4,Pamela,Reynolds,preynolds6z@si.edu,Female
341,Lillian,Gonzalez,lgonzalez70@wufoo.com,Female
68,Katherine,Bradley,kbradley71@naver.com,Female
884,Roy,Payne,rpayne72@cbsnews.com,Male
704,Terry,Kennedy,tkennedy73@list-manage.com,Male
897,Harry,Ramos,hramos74@purevolume.com,Male
97,Virginia,Woods,vwoods75@hatena.ne.jp,Female
490,Anna,Wallace,awallace76@naver.com,Female
557,Billy,Collins,bcollins77@ustream.tv,Male
658,Paul,Owens,powens78@storify.com,Male
613,Patrick,Lee,plee79@ftc.gov,Male
489,Phyllis,Parker,pparker7a@upenn.edu,Female
822,Lori,Jones,ljones7b@netscape.com,Female
285,Earl,Parker,eparker7c@weather.com,Male
132,Joyce,Morgan,jmorgan7d@t.co,Female
296,Kevin,Fuller,kfuller7e@feedburner.com,Male
866,Kevin,Dean,kdean7f@google.com.hk,Male
875,Jason,Walker,jwalker7g@behance.net,Male
754,Terry,Bryant,tbryant7h@oracle.com,Male
964,Lisa,Cruz,lcruz7i@wufoo.com,Female
95,Wanda,Welch,wwelch7j@pen.io,Female
6,Annie,Fernandez,afernandez7k@slashdot.org,Female
721,Timothy,Lee,tlee7l@exblog.jp,Male
88,Jennifer,Gonzalez,jgonzalez7m@sina.com.cn,Female
526,Linda,Matthews,lmatthews7n@topsy.com,Female
919,Patricia,Fowler,pfowler7o@google.cn,Female
821,Katherine,Olson,kolson7p@dedecms.com,Female
136,Randy,Fuller,rfuller7q@dedecms.com,Male
164,Karen,Patterson,kpatterson7r@whitehouse.gov,Female
576,Nicholas,Jordan,njordan7s@qq.com,Male
452,Thomas,Warren,twarren7t@sourceforge.net,Male
406,Billy,King,bking7u@wix.com,Male
441,Julie,Spencer,jspencer7v@cloudflare.com,Female
688,Steven,Oliver,soliver7w@slideshare.net,Male
53,Michael,Crawford,mcrawford7x@mashable.com,Male
453,Ronald,Marshall,rmarshall7y@home.pl,Male
829,Nancy,Jones,njones7z@omniture.com,Female
683,Martin,Brown,mbrown80@jimdo.com,Male
618,Joe,Tucker,jtucker81@jimdo.com,Male
180,Janet,Woods,jwoods82@wunderground.com,Female
922,Sharon,Johnston,sjohnston83@purevolume.com,Female
198,Phyllis,Black,pblack84@twitpic.com,Female
60,Matthew,Stewart,mstewart85@ted.com,Male
912,David,Boyd,dboyd86@lulu.com,Male
659,Jonathan,Brooks,jbrooks87@ucsd.edu,Male
360,Harold,Jordan,hjordan88@weebly.com,Male
136,George,Chapman,gchapman89@hatena.ne.jp,Male
602,Jeremy,Grant,jgrant8a@cbsnews.com,Male
995,Alan,Owens,aowens8b@nsw.gov.au,Male
151,Kevin,Romero,kromero8c@domainmarket.com,Male
280,Gerald,Howard,ghoward8d@china.com.cn,Male
977,Denise,Arnold,darnold8e@dell.com,Female
602,Shawn,Hayes,shayes8f@rakuten.co.jp,Male
211,Andrea,Martinez,amartinez8g@nasa.gov,Female
175,Jerry,Garza,jgarza8h@facebook.com,Male
423,Phyllis,Jacobs,pjacobs8i@nifty.com,Female
921,Harold,Weaver,hweaver8j@blinklist.com,Male
512,Rose,Riley,rriley8k@businessweek.com,Female
945,Brenda,Brown,bbrown8l@goo.ne.jp,Female
188,Carolyn,Tucker,ctucker8m@flickr.com,Female
772,Steven,Ross,sross8n@symantec.com,Male
328,Ernest,Graham,egraham8o@linkedin.com,Male
592,Gregory,Jacobs,gjacobs8p@foxnews.com,Male
209,Christine,Peterson,cpeterson8q@altervista.org,Female
472,Teresa,Jordan,tjordan8r@a8.net,Female
273,Jerry,Morrison,jmorrison8s@weibo.com,Male
118,Fred,Davis,fdavis8t@utexas.edu,Male
463,Howard,Cook,hcook8u@123-reg.co.uk,Male
239,Kathy,Palmer,kpalmer8v@w3.org,Female
238,Patricia,Day,pday8w@independent.co.uk,Female
152,Ryan,Hall,rhall8x@buzzfeed.com,Male
634,Anne,Hernandez,ahernandez8y@nba.com,Female
478,Lisa,Adams,ladams8z@wikia.com,Female
426,Carolyn,Foster,cfoster90@indiegogo.com,Female
941,Billy,Austin,baustin91@reverbnation.com,Male
226,Marilyn,Schmidt,mschmidt92@rakuten.co.jp,Female
438,Louis,Larson,llarson93@smugmug.com,Male
553,Jeffrey,Rivera,jrivera94@squarespace.com,Male
827,Angela,Frazier,afrazier95@behance.net,Female
616,Ryan,Hayes,rhayes96@vk.com,Male
625,Helen,Lawson,hlawson97@go.com,Female
411,Margaret,Ramos,mramos98@usatoday.com,Female
442,Scott,Woods,swoods99@surveymonkey.com,Male
154,Clarence,Owens,cowens9a@bloglines.com,Male
303,William,Ryan,wryan9b@rakuten.co.jp,Male
408,Roy,Hall,rhall9c@blogs.com,Male
184,Samuel,Daniels,sdaniels9d@apple.com,Male
628,Ann,Holmes,aholmes9e@myspace.com,Female
741,Sara,Adams,sadams9f@dropbox.com,Female
43,Alan,Mccoy,amccoy9g@comcast.net,Male
46,Anne,Wright,awright9h@newsvine.com,Female
187,Joseph,Elliott,jelliott9i@meetup.com,Male
784,Randy,Miller,rmiller9j@salon.com,Male
172,Christopher,Castillo,ccastillo9k@gnu.org,Male
859,Steven,Pierce,spierce9l@springer.com,Male
39,Ryan,Perkins,rperkins9m@businessinsider.com,Male
389,Virginia,Ramirez,vramirez9n@businessinsider.com,Female
629,Arthur,Johnston,ajohnston9o@last.fm,Male
218,Nicholas,Daniels,ndaniels9p@harvard.edu,Male
361,Patricia,Cunningham,pcunningham9q@fastcompany.com,Female
114,Jesse,Romero,jromero9r@aol.com,Male
501,Robin,Lawrence,rlawrence9s@canalblog.com,Female
379,Ronald,Perkins,rperkins9t@yellowpages.com,Male
628,Ronald,Gardner,rgardner9u@jugem.jp,Male
411,Lillian,Gardner,lgardner9v@time.com,Female
954,Marie,Butler,mbutler9w@vinaora.com,Female
169,Mark,Long,mlong9x@vinaora.com,Male
300,David,Weaver,dweaver9y@stumbleupon.com,Male
900,Harry,Harrison,hharrison9z@addtoany.com,Male
375,Frances,Shaw,fshawa0@yolasite.com,Female
847,Rose,Clark,rclarka1@harvard.edu,Female
723,Juan,Parker,jparkera2@blogtalkradio.com,Male
150,Mark,Rose,mrosea3@desdev.cn,Male
534,Bruce,Hernandez,bhernandeza4@tinypic.com,Male
329,Johnny,Richardson,jrichardsona5@time.com,Male
404,Jean,Walker,jwalkera6@redcross.org,Female
409,Susan,Garrett,sgarretta7@zdnet.com,Female
228,Janet,Reid,jreida8@weebly.com,Female
737,Gary,Scott,gscotta9@godaddy.com,Male
975,David,Chapman,dchapmanaa@ted.com,Male
835,Laura,Kennedy,lkennedyab@cafepress.com,Female
807,Phyllis,Boyd,pboydac@nsw.gov.au,Female
933,Jacqueline,Jackson,jjacksonad@examiner.com,Female
646,Phyllis,Cunningham,pcunninghamae@vistaprint.com,Female
466,Paula,Wilson,pwilsonaf@archive.org,Female
257,Richard,Garcia,rgarciaag@yellowbook.com,Male
758,Amy,Burton,aburtonah@state.gov,Female
657,Stephen,Welch,swelchai@wp.com,Male
119,Jimmy,Cook,jcookaj@tripadvisor.com,Male
11,Robert,Ellis,rellisak@berkeley.edu,Male
977,Gerald,Nguyen,gnguyenal@mac.com,Male
90,Randy,Hansen,rhansenam@instagram.com,Male
141,Jerry,Rogers,jrogersan@statcounter.com,Male
743,Robert,Harris,rharrisao@vimeo.com,Male
487,Judith,Murray,jmurrayap@tamu.edu,Female
129,Betty,Gonzalez,bgonzalezaq@amazon.com,Female
542,Joshua,Miller,jmillerar@bbb.org,Male
32,Amy,Medina,amedinaas@pcworld.com,Female
52,Kathleen,Perez,kperezat@dot.gov,Female
71,Todd,Hall,thallau@dagondesign.com,Male
552,Robert,Mills,rmillsav@yellowbook.com,Male
482,Ashley,Morales,amoralesaw@nyu.edu,Female
984,Nancy,Reyes,nreyesax@cbslocal.com,Female
492,Sandra,Stephens,sstephensay@uol.com.br,Female
518,Kelly,Frazier,kfrazieraz@ftc.gov,Female
266,Irene,Martinez,imartinezb0@prnewswire.com,Female
427,Gary,Hernandez,ghernandezb1@google.ca,Male
940,Jesse,Watkins,jwatkinsb2@washingtonpost.com,Male
648,Shawn,Cooper,scooperb3@adobe.com,Male
695,Julie,Watson,jwatsonb4@amazon.co.jp,Female
63,Jonathan,Harris,jharrisb5@deliciousdays.com,Male
2,Julia,Hunter,jhunterb6@walmart.com,Female
75,Michelle,Hawkins,mhawkinsb7@cnn.com,Female
756,Eugene,Anderson,eandersonb8@google.com.hk,Male
482,Dorothy,Payne,dpayneb9@sohu.com,Female
71,Russell,Elliott,relliottba@wsj.com,Male
380,Margaret,Davis,mdavisbb@boston.com,Female
758,Sara,Gonzales,sgonzalesbc@infoseek.co.jp,Female
931,Carolyn,Shaw,cshawbd@simplemachines.org,Female
142,Heather,Howard,hhowardbe@narod.ru,Female
179,Phyllis,Montgomery,pmontgomerybf@dropbox.com,Female
951,Amanda,Scott,ascottbg@spotify.com,Female
319,Edward,Larson,elarsonbh@abc.net.au,Male
204,Gregory,Chapman,gchapmanbi@noaa.gov,Male
562,Laura,Hicks,lhicksbj@cnet.com,Female
822,Jean,Gomez,jgomezbk@qq.com,Female
792,Ruth,Kennedy,rkennedybl@bing.com,Female
723,Joseph,Coleman,jcolemanbm@barnesandnoble.com,Male
266,Melissa,Nguyen,mnguyenbn@accuweather.com,Female
629,Katherine,Parker,kparkerbo@over-blog.com,Female
990,Louis,Washington,lwashingtonbp@amazon.co.jp,Male
91,Susan,Andrews,sandrewsbq@theatlantic.com,Female
412,Ernest,Burke,eburkebr@tmall.com,Male
247,Pamela,Dean,pdeanbs@samsung.com,Female
778,Alan,Lee,aleebt@smh.com.au,Male
558,Catherine,Schmidt,cschmidtbu@biglobe.ne.jp,Female
152,Jacqueline,Jones,jjonesbv@paypal.com,Female
900,Peter,Gibson,pgibsonbw@devhub.com,Male
183,Katherine,Burton,kburtonbx@amazon.co.uk,Female
929,George,Fernandez,gfernandezby@quantcast.com,Male
396,Paul,Torres,ptorresbz@earthlink.net,Male
466,Angela,Larson,alarsonc0@imdb.com,Female
537,David,Foster,dfosterc1@tumblr.com,Male
17,Amy,Castillo,acastilloc2@e-recht24.de,Female
47,Arthur,Freeman,afreemanc3@cdc.gov,Male
9,Jesse,Bradley,jbradleyc4@alexa.com,Male
529,Roger,Reed,rreedc5@fotki.com,Male
227,Andrew,Burke,aburkec6@go.com,Male
852,Eugene,Castillo,ecastilloc7@mediafire.com,Male
794,Cynthia,Wilson,cwilsonc8@icio.us,Female
711,Kevin,Hunter,khunterc9@delicious.com,Male
152,Eugene,Cunningham,ecunninghamca@answers.com,Male
119,Kenneth,Medina,kmedinacb@opera.com,Male
299,Phillip,Lee,pleecc@taobao.com,Male
119,Shawn,Price,spricecd@etsy.com,Male
6,Harold,Mendoza,hmendozace@spiegel.de,Male
388,Joshua,Warren,jwarrencf@google.co.uk,Male
778,Stephen,Watson,swatsoncg@mlb.com,Male
353,Anna,Ryan,aryanch@amazon.de,Female
643,Brenda,Brown,bbrownci@godaddy.com,Female
562,Joyce,Bowman,jbowmancj@usgs.gov,Female
180,Annie,Johnston,ajohnstonck@umn.edu,Female
756,Kevin,Nichols,knicholscl@hud.gov,Male
855,Beverly,Schmidt,bschmidtcm@samsung.com,Female
125,Wanda,Hamilton,whamiltoncn@goodreads.com,Female
773,Stephanie,Carr,scarrco@pcworld.com,Female
496,Heather,Rodriguez,hrodriguezcp@noaa.gov,Female
741,Anthony,Little,alittlecq@google.co.jp,Male
404,Anne,Jones,ajonescr@edublogs.org,Female
625,Melissa,Alvarez,malvarezcs@w3.org,Female
364,Kelly,Lee,kleect@uol.com.br,Female
582,Joan,Andrews,jandrewscu@wikia.com,Female
931,Beverly,Morgan,bmorgancv@ycombinator.com,Female
907,Jean,Morrison,jmorrisoncw@senate.gov,Female
467,Steve,Dunn,sdunncx@gmpg.org,Male
745,Tammy,Wagner,twagnercy@weebly.com,Female
538,Dorothy,Lawrence,dlawrencecz@eepurl.com,Female
587,Philip,Moreno,pmorenod0@t-online.de,Male
547,Pamela,Lee,pleed1@wiley.com,Female
729,Jane,Long,jlongd2@oaic.gov.au,Female
218,Timothy,Burke,tburked3@sun.com,Male
658,Raymond,Brooks,rbrooksd4@prnewswire.com,Male
461,Kevin,Wilson,kwilsond5@about.me,Male
697,Lawrence,Anderson,landersond6@java.com,Male
623,Melissa,Reid,mreidd7@meetup.com,Female
492,Lori,Hicks,lhicksd8@ibm.com,Female
224,Bobby,Wells,bwellsd9@homestead.com,Male
758,Janet,Griffin,jgriffinda@4shared.com,Female
709,Earl,Alexander,ealexanderdb@dot.gov,Male
130,Arthur,Bowman,abowmandc@phpbb.com,Male
233,Mildred,Bell,mbelldd@narod.ru,Female
361,Fred,Bryant,fbryantde@behance.net,Male
685,Anthony,Walker,awalkerdf@photobucket.com,Male
770,Annie,Welch,awelchdg@reddit.com,Female
516,Ryan,Jenkins,rjenkinsdh@prlog.org,Male
842,Lois,Garza,lgarzadi@blog.com,Female
845,Rachel,Crawford,rcrawforddj@cisco.com,Female
196,Christina,Cox,ccoxdk@reference.com,Female
34,Jacqueline,Morris,jmorrisdl@unesco.org,Female
272,Marie,Rodriguez,mrodriguezdm@jugem.jp,Female
135,Eric,Barnes,ebarnesdn@rambler.ru,Male
461,Douglas,Chapman,dchapmando@ibm.com,Male
837,Terry,Cox,tcoxdp@huffingtonpost.com,Male
912,Keith,Ellis,kellisdq@mlb.com,Male
571,Carlos,Williams,cwilliamsdr@marriott.com,Male
469,Kathleen,Carpenter,kcarpenterds@stanford.edu,Female
990,Eric,Garza,egarzadt@digg.com,Male
889,Terry,Lawrence,tlawrencedu@arizona.edu,Male
872,Christine,Kim,ckimdv@marriott.com,Female
77,Bruce,Snyder,bsnyderdw@ocn.ne.jp,Male
702,Frank,Daniels,fdanielsdx@godaddy.com,Male
205,Dennis,Miller,dmillerdy@answers.com,Male
204,Robert,Bishop,rbishopdz@e-recht24.de,Male
522,Robert,Edwards,redwardse0@mapy.cz,Male
332,Christina,Lynch,clynche1@w3.org,Female
850,Fred,Jenkins,fjenkinse2@yale.edu,Male
902,Dennis,Clark,dclarke3@friendfeed.com,Male
689,Nicole,Patterson,npattersone4@prnewswire.com,Female
600,Sara,Johnson,sjohnsone5@spotify.com,Female
1000,Stephanie,Peterson,spetersone6@wikipedia.org,Female
533,Wanda,Washington,wwashingtone7@google.fr,Female
513,Antonio,Sims,asimse8@smh.com.au,Male
902,Russell,Riley,rrileye9@msu.edu,Male
355,Jose,Banks,jbanksea@si.edu,Male
882,Rachel,Fernandez,rfernandezeb@nsw.gov.au,Female
354,Gloria,Bell,gbellec@cnn.com,Female
180,Teresa,Mendoza,tmendozaed@51.la,Female
857,Doris,Hayes,dhayesee@sphinn.com,Female
593,Elizabeth,Nelson,enelsonef@istockphoto.com,Female
926,Joe,Graham,jgrahameg@unblog.fr,Male
437,Frances,Chapman,fchapmaneh@latimes.com,Female
810,Irene,Allen,iallenei@princeton.edu,Female
227,Kevin,Lane,klaneej@lycos.com,Male
975,Jesse,Watson,jwatsonek@sphinn.com,Male
193,Betty,Shaw,bshawel@rakuten.co.jp,Female
345,Martha,Kim,mkimem@cnbc.com,Female
762,Brandon,Andrews,bandrewsen@ibm.com,Male
94,Joshua,Cruz,jcruzeo@drupal.org,Male
105,Raymond,Gardner,rgardnerep@npr.org,Male
586,Roger,Perkins,rperkinseq@walmart.com,Male
123,Jane,Campbell,jcampbeller@ovh.net,Female
188,Paul,Lewis,plewises@hatena.ne.jp,Male
854,Janice,Ray,jrayet@netlog.com,Female
521,Marilyn,Green,mgreeneu@mlb.com,Female
252,Lisa,Ray,lrayev@cbslocal.com,Female
824,Kathleen,Brooks,kbrooksew@washington.edu,Female
833,Harold,Brooks,hbrooksex@prlog.org,Male
531,Deborah,Perry,dperryey@usgs.gov,Female
658,Janet,Torres,jtorresez@usda.gov,Female
777,Cheryl,Cole,ccolef0@walmart.com,Female
553,Willie,Gonzalez,wgonzalezf1@printfriendly.com,Male
702,Gary,Kim,gkimf2@ucsd.edu,Male
119,Christine,Olson,colsonf3@mashable.com,Female
456,Arthur,Harris,aharrisf4@ovh.net,Male
297,Denise,Hart,dhartf5@japanpost.jp,Female
61,Joan,Cooper,jcooperf6@vistaprint.com,Female
395,Edward,Owens,eowensf7@blog.com,Male
775,Jimmy,Kennedy,jkennedyf8@netvibes.com,Male
786,Sharon,Fuller,sfullerf9@forbes.com,Female
975,Paula,Henderson,phendersonfa@hhs.gov,Female
579,Juan,Morgan,jmorganfb@economist.com,Male
394,Rose,Weaver,rweaverfc@guardian.co.uk,Female
274,Lisa,Richardson,lrichardsonfd@themeforest.net,Female
361,Evelyn,Gordon,egordonfe@statcounter.com,Female
989,Donald,Wells,dwellsff@nbcnews.com,Male
640,Lois,Willis,lwillisfg@bloglovin.com,Female
857,Dennis,Scott,dscottfh@chron.com,Male
942,Harry,Diaz,hdiazfi@webmd.com,Male
891,Chris,Jones,cjonesfj@pen.io,Male
146,Andrew,Nguyen,anguyenfk@aboutads.info,Male
338,Earl,Perry,eperryfl@si.edu,Male
763,Barbara,Torres,btorresfm@squarespace.com,Female
761,Melissa,James,mjamesfn@ask.com,Female
754,Alice,Hansen,ahansenfo@businessinsider.com,Female
827,Jeffrey,Rodriguez,jrodriguezfp@blogger.com,Male
340,Debra,Schmidt,dschmidtfq@ameblo.jp,Female
478,Emily,Lee,eleefr@t.co,Female
15,Ashley,Robertson,arobertsonfs@dell.com,Female
613,Carl,Wright,cwrightft@hc360.com,Male
423,Maria,Perez,mperezfu@mashable.com,Female
215,Melissa,Lewis,mlewisfv@salon.com,Female
655,Rebecca,Long,rlongfw@yahoo.com,Female
344,Eugene,Andrews,eandrewsfx@ebay.com,Male
549,Kimberly,Fields,kfieldsfy@unblog.fr,Female
182,Fred,Mitchell,fmitchellfz@posterous.com,Male
991,Martin,Powell,mpowellg0@zimbio.com,Male
24,Judith,Jenkins,jjenkinsg1@fc2.com,Female
785,Albert,Russell,arussellg2@whitehouse.gov,Male
822,Ann,Moore,amooreg3@google.pl,Female
154,Virginia,Perkins,vperkinsg4@yellowbook.com,Female
756,Robin,Bailey,rbaileyg5@theguardian.com,Female
279,Adam,Stewart,astewartg6@toplist.cz,Male
273,Christopher,Perry,cperryg7@naver.com,Male
862,Henry,Nguyen,hnguyeng8@dyndns.org,Male
920,Andrew,Simmons,asimmonsg9@lulu.com,Male
796,Shawn,Snyder,ssnyderga@topsy.com,Male
45,Harry,Holmes,hholmesgb@usnews.com,Male
908,Julia,Reid,jreidgc@howstuffworks.com,Female
346,Carol,Armstrong,carmstronggd@google.com.au,Female
994,Samuel,Carter,scarterge@feedburner.com,Male
614,Marilyn,Hicks,mhicksgf@typepad.com,Female
51,Jimmy,Hughes,jhughesgg@vistaprint.com,Male
193,Norma,Garcia,ngarciagh@deliciousdays.com,Female
204,Roger,Flores,rfloresgi@pen.io,Male
499,Ashley,Stephens,astephensgj@tinypic.com,Female
689,Julie,Ellis,jellisgk@whitehouse.gov,Female
253,Harry,Cox,hcoxgl@weibo.com,Male
612,Jennifer,Evans,jevansgm@posterous.com,Female
471,Deborah,Burns,dburnsgn@sciencedirect.com,Female
759,Henry,Hayes,hhayesgo@pinterest.com,Male
458,Clarence,Andrews,candrewsgp@comcast.net,Male
195,Sara,Carr,scarrgq@wp.com,Female
226,Jose,Gilbert,jgilbertgr@behance.net,Male
450,Theresa,Gibson,tgibsongs@soundcloud.com,Female
419,Julia,Hunt,jhuntgt@google.com.br,Female
679,Beverly,Robinson,brobinsongu@wikia.com,Female
997,Brandon,Harris,bharrisgv@ucla.edu,Male
315,Jeffrey,Ward,jwardgw@yahoo.com,Male
944,Tina,Wright,twrightgx@amazon.co.uk,Female
918,Patricia,Ross,prossgy@bluehost.com,Female
342,Adam,Hughes,ahughesgz@jalbum.net,Male
412,Lois,Baker,lbakerh0@ycombinator.com,Female
596,Kelly,Fowler,kfowlerh1@hibu.com,Female
578,Lisa,West,lwesth2@fotki.com,Female
123,Andrew,Fox,afoxh3@miitbeian.gov.cn,Male
695,Ryan,Ferguson,rfergusonh4@csmonitor.com,Male
831,Louis,Nichols,lnicholsh5@deliciousdays.com,Male
920,Kevin,Fernandez,kfernandezh6@shareasale.com,Male
19,Timothy,Cruz,tcruzh7@indiatimes.com,Male
809,Willie,Lopez,wlopezh8@businessweek.com,Male
65,Anna,Freeman,afreemanh9@marriott.com,Female
170,Stephanie,Dunn,sdunnha@altervista.org,Female
735,Cynthia,Fields,cfieldshb@spotify.com,Female
529,Clarence,Kennedy,ckennedyhc@discuz.net,Male
637,Jacqueline,Ellis,jellishd@tinyurl.com,Female
273,Joan,Price,jpricehe@tumblr.com,Female
608,Earl,Roberts,erobertshf@spiegel.de,Male
687,Carol,Rose,crosehg@oakley.com,Female
703,Albert,Fox,afoxhh@bbc.co.uk,Male
688,Aaron,Morales,amoraleshi@princeton.edu,Male
236,Lori,Fernandez,lfernandezhj@w3.org,Female
652,Kenneth,Holmes,kholmeshk@nymag.com,Male
276,Jerry,Taylor,jtaylorhl@google.co.uk,Male
277,Sharon,Morales,smoraleshm@bigcartel.com,Female
925,Kelly,Reed,kreedhn@1688.com,Female
733,Robin,Long,rlongho@discuz.net,Female
174,Ronald,Thompson,rthompsonhp@bing.com,Male
922,Billy,George,bgeorgehq@army.mil,Male
794,Louis,Spencer,lspencerhr@newyorker.com,Male
77,Donald,Hayes,dhayeshs@ezinearticles.com,Male
673,Karen,Harvey,kharveyht@addtoany.com,Female
438,Ralph,Wheeler,rwheelerhu@linkedin.com,Male
861,Lisa,Cox,lcoxhv@slate.com,Female
956,Ryan,Long,rlonghw@phoca.cz,Male
970,Matthew,Sanders,msandershx@nsw.gov.au,Male
28,Rose,Hudson,rhudsonhy@google.fr,Female
441,Anne,White,awhitehz@prnewswire.com,Female
438,Brenda,Bennett,bbennetti0@cdbaby.com,Female
765,Emily,Torres,etorresi1@engadget.com,Female
580,James,Stanley,jstanleyi2@statcounter.com,Male
515,Cynthia,Gibson,cgibsoni3@a8.net,Female
148,Wayne,Perkins,wperkinsi4@deviantart.com,Male
312,Carolyn,Larson,clarsoni5@craigslist.org,Female
384,Ashley,Anderson,aandersoni6@dagondesign.com,Female
795,Martha,Gonzalez,mgonzalezi7@google.com.hk,Female
24,Frances,Ramos,framosi8@comcast.net,Female
93,Sarah,Gilbert,sgilberti9@usnews.com,Female
908,Denise,Stone,dstoneia@sogou.com,Female
655,Annie,Young,ayoungib@fotki.com,Female
265,Todd,Coleman,tcolemanic@ucla.edu,Male
788,Gloria,Lawson,glawsonid@msu.edu,Female
783,Carolyn,Ruiz,cruizie@theguardian.com,Female
283,Phillip,Wright,pwrightif@altervista.org,Male
983,Frances,Thompson,fthompsonig@constantcontact.com,Female
5,Gloria,Wheeler,gwheelerih@vimeo.com,Female
840,Arthur,Butler,abutlerii@vistaprint.com,Male
62,Paul,Thomas,pthomasij@t.co,Male
970,Sean,Graham,sgrahamik@studiopress.com,Male
243,Cheryl,Rodriguez,crodriguezil@ameblo.jp,Female
670,Norma,Hamilton,nhamiltonim@oaic.gov.au,Female
649,Steve,Gomez,sgomezin@tinyurl.com,Male
552,Ernest,Cox,ecoxio@arizona.edu,Male
459,Ryan,Fisher,rfisherip@live.com,Male
200,Mildred,Green,mgreeniq@rediff.com,Female
550,Antonio,Dunn,adunnir@51.la,Male
938,Karen,Elliott,kelliottis@disqus.com,Female
368,Jesse,Perry,jperryit@storify.com,Male
835,Debra,Reed,dreediu@mozilla.com,Female
191,Kathleen,Sanders,ksandersiv@cargocollective.com,Female
319,Kathy,Porter,kporteriw@bloomberg.com,Female
609,Timothy,Shaw,tshawix@accuweather.com,Male
524,Mary,Garcia,mgarciaiy@who.int,Female
738,Lawrence,Montgomery,lmontgomeryiz@wisc.edu,Male
905,Elizabeth,Johnson,ejohnsonj0@youtube.com,Female
977,Aaron,Cox,acoxj1@marriott.com,Male
709,Anna,Henry,ahenryj2@fastcompany.com,Female
253,Lawrence,Henry,lhenryj3@facebook.com,Male
211,Christina,Robertson,crobertsonj4@webmd.com,Female
136,Louis,Williamson,lwilliamsonj5@amazonaws.com,Male
906,Wanda,Stanley,wstanleyj6@huffingtonpost.com,Female
933,Jonathan,Edwards,jedwardsj7@surveymonkey.com,Male
329,Alan,Jones,ajonesj8@bizjournals.com,Male
454,Amy,Hamilton,ahamiltonj9@com.com,Female
260,Marilyn,Garrett,mgarrettja@eventbrite.com,Female
3,Jennifer,Hughes,jhughesjb@google.co.uk,Female
815,Mary,Stanley,mstanleyjc@about.com,Female
124,Philip,Ross,prossjd@eventbrite.com,Male
452,Sarah,Austin,saustinje@1und1.de,Female
184,Tammy,Ross,trossjf@virginia.edu,Female
426,Joseph,Allen,jallenjg@sourceforge.net,Male
806,Melissa,Welch,mwelchjh@4shared.com,Female
559,Justin,Warren,jwarrenji@last.fm,Male
237,Donna,Schmidt,dschmidtjj@clickbank.net,Female
148,Melissa,Murphy,mmurphyjk@gizmodo.com,Female
957,Daniel,Day,ddayjl@booking.com,Male
875,Brian,Henderson,bhendersonjm@histats.com,Male
669,Melissa,Johnson,mjohnsonjn@github.io,Female
869,Bobby,Watkins,bwatkinsjo@linkedin.com,Male
327,Keith,Wagner,kwagnerjp@geocities.jp,Male
596,Craig,Long,clongjq@chron.com,Male
583,Sarah,Cruz,scruzjr@gravatar.com,Female
512,Betty,Carter,bcarterjs@pbs.org,Female
932,Peter,Reid,preidjt@webmd.com,Male
415,Richard,Peterson,rpetersonju@wisc.edu,Male
809,Angela,Elliott,aelliottjv@nature.com,Female
549,Thomas,Flores,tfloresjw@bluehost.com,Male
200,Ryan,Riley,rrileyjx@baidu.com,Male
187,Diana,Howard,dhowardjy@histats.com,Female
142,Kathryn,Phillips,kphillipsjz@google.de,Female
120,Kathryn,Ruiz,kruizk0@prlog.org,Female
668,Amanda,Schmidt,aschmidtk1@de.vu,Female
623,Bruce,Perez,bperezk2@reuters.com,Male
418,Ronald,Williamson,rwilliamsonk3@slashdot.org,Male
633,Sara,Taylor,staylork4@ehow.com,Female
521,Lawrence,Stanley,lstanleyk5@patch.com,Male
13,Shirley,Wilson,swilsonk6@thetimes.co.uk,Female
630,Bobby,Woods,bwoodsk7@nationalgeographic.com,Male
373,Lois,Stevens,lstevensk8@uiuc.edu,Female
686,Gregory,George,ggeorgek9@360.cn,Male
461,Doris,Alvarez,dalvarezka@ftc.gov,Female
313,Randy,Armstrong,rarmstrongkb@ed.gov,Male
569,Ruby,Chapman,rchapmankc@studiopress.com,Female
147,Billy,Chavez,bchavezkd@reverbnation.com,Male
690,William,Cooper,wcooperke@cisco.com,Male
589,Craig,Myers,cmyerskf@hexun.com,Male
735,Ernest,Gomez,egomezkg@mayoclinic.com,Male
973,Fred,Alvarez,falvarezkh@geocities.jp,Male
163,Elizabeth,Johnston,ejohnstonki@vimeo.com,Female
621,Ralph,Webb,rwebbkj@yelp.com,Male
211,Kelly,Hall,khallkk@wisc.edu,Female
747,Jimmy,Hamilton,jhamiltonkl@ustream.tv,Male
517,Jessica,Little,jlittlekm@gnu.org,Female
445,Randy,Kelly,rkellykn@sitemeter.com,Male
598,Beverly,Howard,bhowardko@so-net.ne.jp,Female
223,Ashley,Clark,aclarkkp@wikia.com,Female
521,Sandra,Romero,sromerokq@forbes.com,Female
564,John,Lopez,jlopezkr@dropbox.com,Male
459,Joan,Chapman,jchapmanks@tamu.edu,Female
432,Lawrence,Stone,lstonekt@ustream.tv,Male
506,Melissa,Welch,mwelchku@1und1.de,Female
47,Frances,Woods,fwoodskv@goodreads.com,Female
51,Antonio,Vasquez,avasquezkw@gov.uk,Male
294,Karen,Hernandez,khernandezkx@lulu.com,Female
446,Richard,Fernandez,rfernandezky@cisco.com,Male
385,Denise,Stephens,dstephenskz@buzzfeed.com,Female
27,Teresa,Reid,treidl0@acquirethisname.com,Female
771,Stephen,Robinson,srobinsonl1@yahoo.co.jp,Male
442,Brian,Lane,blanel2@macromedia.com,Male
396,Harry,Payne,hpaynel3@netvibes.com,Male
916,Nancy,Jenkins,njenkinsl4@rambler.ru,Female
259,Douglas,Kennedy,dkennedyl5@opera.com,Male
701,Shirley,Tucker,stuckerl6@nbcnews.com,Female
443,George,Harris,gharrisl7@scribd.com,Male
914,Lisa,Nichols,lnicholsl8@fastcompany.com,Female
750,Roger,Mccoy,rmccoyl9@digg.com,Male
349,Edward,Chavez,echavezla@state.gov,Male
979,Joe,Hall,jhalllb@ezinearticles.com,Male
162,Roger,Stephens,rstephenslc@redcross.org,Male
368,Rose,Patterson,rpattersonld@over-blog.com,Female
334,Brandon,Price,bpricele@quantcast.com,Male
233,Gerald,Nichols,gnicholslf@youtube.com,Male
602,Dorothy,Armstrong,darmstronglg@dot.gov,Female
151,Frances,Kelley,fkelleylh@mysql.com,Female
354,Eugene,Spencer,espencerli@imageshack.us,Male
135,Mark,Phillips,mphillipslj@plala.or.jp,Male
498,Karen,Jordan,kjordanlk@dailymail.co.uk,Female
202,Benjamin,Campbell,bcampbellll@list-manage.com,Male
373,Bobby,Smith,bsmithlm@biblegateway.com,Male
667,Judith,Anderson,jandersonln@i2i.jp,Female
247,Russell,Carpenter,rcarpenterlo@godaddy.com,Male
754,Gloria,Cooper,gcooperlp@abc.net.au,Female
282,Joyce,Bennett,jbennettlq@blogger.com,Female
616,Jessica,Wheeler,jwheelerlr@dailymail.co.uk,Female
150,Anne,George,ageorgels@bandcamp.com,Female
129,Linda,Parker,lparkerlt@zimbio.com,Female
335,Donna,Fisher,dfisherlu@e-recht24.de,Female
664,Kathryn,Kennedy,kkennedylv@hexun.com,Female
25,Todd,Sullivan,tsullivanlw@wunderground.com,Male
204,Margaret,James,mjameslx@cafepress.com,Female
324,Jennifer,Hamilton,jhamiltonly@bravesites.com,Female
272,Kathy,Reed,kreedlz@usda.gov,Female
22,Virginia,Patterson,vpattersonm0@upenn.edu,Female
328,Walter,Jordan,wjordanm1@free.fr,Male
911,Pamela,Edwards,pedwardsm2@mtv.com,Female
725,Amanda,Cook,acookm3@phoca.cz,Female
661,Judith,Foster,jfosterm4@ocn.ne.jp,Female
227,Walter,Cunningham,wcunninghamm5@yandex.ru,Male
663,Adam,Matthews,amatthewsm6@unesco.org,Male
281,Jerry,Robinson,jrobinsonm7@spotify.com,Male
215,Linda,Cole,lcolem8@ucsd.edu,Female
33,Marie,Knight,mknightm9@mlb.com,Female
380,Donna,Brooks,dbrooksma@dion.ne.jp,Female
270,Jason,Wood,jwoodmb@pcworld.com,Male
344,Kimberly,Fox,kfoxmc@csmonitor.com,Female
805,Harold,Shaw,hshawmd@lulu.com,Male
12,Teresa,Andrews,tandrewsme@mayoclinic.com,Female
180,Jonathan,Johnson,jjohnsonmf@printfriendly.com,Male
981,Mark,Howell,mhowellmg@nih.gov,Male
612,Roger,Hernandez,rhernandezmh@nasa.gov,Male
103,Philip,Riley,prileymi@opera.com,Male
857,Ralph,Marshall,rmarshallmj@friendfeed.com,Male
311,Patrick,Jenkins,pjenkinsmk@geocities.jp,Male
897,Katherine,Martin,kmartinml@soundcloud.com,Female
726,Dennis,Ellis,dellismm@themeforest.net,Male
526,Pamela,Robertson,probertsonmn@amazon.de,Female
752,Harold,Lopez,hlopezmo@printfriendly.com,Male
138,Anne,Knight,aknightmp@go.com,Female
14,Dennis,Thomas,dthomasmq@columbia.edu,Male
98,Mary,Chapman,mchapmanmr@furl.net,Female
618,Roger,Gibson,rgibsonms@umn.edu,Male
425,Albert,Howard,ahowardmt@netscape.com,Male
364,Scott,Gomez,sgomezmu@nationalgeographic.com,Male
53,Diane,Powell,dpowellmv@hostgator.com,Female
445,Debra,Nelson,dnelsonmw@elegantthemes.com,Female
809,Craig,Jordan,cjordanmx@biblegateway.com,Male
145,Judy,Smith,jsmithmy@washington.edu,Female
39,Alan,Bell,abellmz@artisteer.com,Male
669,Melissa,Reynolds,mreynoldsn0@xing.com,Female
180,Mary,Wells,mwellsn1@answers.com,Female
942,Debra,Long,dlongn2@is.gd,Female
221,Chris,Boyd,cboydn3@state.gov,Male
456,Evelyn,Ryan,eryann4@epa.gov,Female
928,Brenda,Bailey,bbaileyn5@tuttocitta.it,Female
298,Ronald,Jones,rjonesn6@tripadvisor.com,Male
67,Anna,Martin,amartinn7@jalbum.net,Female
653,Charles,Medina,cmedinan8@addthis.com,Male
586,Patrick,Cooper,pcoopern9@cdbaby.com,Male
23,Andrew,Jordan,ajordanna@prlog.org,Male
86,Sharon,Burke,sburkenb@e-recht24.de,Female
29,Charles,Taylor,ctaylornc@tripadvisor.com,Male
464,Andrew,Hamilton,ahamiltonnd@twitter.com,Male
651,Paula,Shaw,pshawne@soup.io,Female
581,Jennifer,Ray,jraynf@weibo.com,Female
832,Ryan,Mitchell,rmitchellng@free.fr,Male
864,Kevin,Henderson,khendersonnh@ycombinator.com,Male
211,Christina,Henderson,chendersonni@clickbank.net,Female
870,Billy,Wilson,bwilsonnj@shop-pro.jp,Male
764,Randy,Smith,rsmithnk@timesonline.co.uk,Male
133,Thomas,Tucker,ttuckernl@wordpress.org,Male
435,Fred,Morgan,fmorgannm@symantec.com,Male
522,Kathleen,Robinson,krobinsonnn@elpais.com,Female
398,Pamela,Matthews,pmatthewsno@furl.net,Female
966,Johnny,Carr,jcarrnp@live.com,Male
876,Kathryn,Perkins,kperkinsnq@so-net.ne.jp,Female
487,Christopher,Foster,cfosternr@google.fr,Male
802,Emily,Sanchez,esanchezns@purevolume.com,Female
443,Jesse,Evans,jevansnt@amazon.co.uk,Male
307,Paula,Lawson,plawsonnu@merriam-webster.com,Female
546,Irene,Fowler,ifowlernv@youtu.be,Female
865,Tina,Bishop,tbishopnw@prnewswire.com,Female
452,Donna,Henderson,dhendersonnx@umn.edu,Female
207,Fred,Palmer,fpalmerny@senate.gov,Male
198,Andrea,Miller,amillernz@samsung.com,Female
994,Steve,Smith,ssmitho0@storify.com,Male
368,Cynthia,Knight,cknighto1@who.int,Female
650,Arthur,George,ageorgeo2@webeden.co.uk,Male
169,Kathy,Collins,kcollinso3@reuters.com,Female
493,Anthony,Medina,amedinao4@cbslocal.com,Male
166,Arthur,Rose,aroseo5@taobao.com,Male
649,Wanda,Franklin,wfranklino6@jigsy.com,Female
956,Joan,Burke,jburkeo7@ehow.com,Female
982,Judith,George,jgeorgeo8@si.edu,Female
632,Maria,Olson,molsono9@youku.com,Female
151,Gerald,Thomas,gthomasoa@trellian.com,Male
712,Ruby,Myers,rmyersob@sitemeter.com,Female
616,Ryan,Marshall,rmarshalloc@washingtonpost.com,Male
534,Amanda,Griffin,agriffinod@google.fr,Female
520,Ann,Cook,acookoe@github.io,Female
647,Tammy,Ford,tfordof@bandcamp.com,Female
649,Harry,Parker,hparkerog@sciencedirect.com,Male
568,Teresa,Cunningham,tcunninghamoh@goo.gl,Female
646,Tina,Willis,twillisoi@zimbio.com,Female
411,William,Holmes,wholmesoj@state.gov,Male
586,Jeremy,Lewis,jlewisok@devhub.com,Male
764,Joyce,Parker,jparkerol@ow.ly,Female
112,Lori,Fuller,lfullerom@adobe.com,Female
363,John,Lawrence,jlawrenceon@cloudflare.com,Male
502,Raymond,Hill,rhilloo@miibeian.gov.cn,Male
104,Irene,Shaw,ishawop@mediafire.com,Female
268,Ernest,Hudson,ehudsonoq@bloomberg.com,Male
793,Gary,Jenkins,gjenkinsor@thetimes.co.uk,Male
356,Philip,Castillo,pcastilloos@nps.gov,Male
561,Kimberly,Frazier,kfrazierot@soundcloud.com,Female
520,Juan,James,jjamesou@mapquest.com,Male
558,Douglas,Vasquez,dvasquezov@weibo.com,Male
973,Martin,Johnson,mjohnsonow@webmd.com,Male
548,Ashley,Mcdonald,amcdonaldox@pinterest.com,Female
101,Keith,Alexander,kalexanderoy@mac.com,Male
439,Adam,Wood,awoodoz@usatoday.com,Male
754,Barbara,Ray,brayp0@intel.com,Female
710,Ralph,Ray,rrayp1@squidoo.com,Male
127,Roy,Warren,rwarrenp2@usnews.com,Male
888,Michelle,Moreno,mmorenop3@earthlink.net,Female
288,Sandra,Martin,smartinp4@dedecms.com,Female
252,Maria,Ray,mrayp5@java.com,Female
455,Christina,Long,clongp6@virginia.edu,Female
25,Ashley,Perry,aperryp7@mozilla.com,Female
377,Roger,Warren,rwarrenp8@biglobe.ne.jp,Male
322,Jeremy,Bradley,jbradleyp9@arizona.edu,Male
44,George,Wallace,gwallacepa@sourceforge.net,Male
474,Donald,Montgomery,dmontgomerypb@gmpg.org,Male
707,Ruth,Gray,rgraypc@ask.com,Female
130,Thomas,Wright,twrightpd@ucsd.edu,Male
384,John,Henderson,jhendersonpe@1688.com,Male
409,Andrea,Richardson,arichardsonpf@imdb.com,Female
667,David,Alexander,dalexanderpg@pcworld.com,Male
938,Barbara,Larson,blarsonph@eventbrite.com,Female
724,Helen,Diaz,hdiazpi@sfgate.com,Female
467,Shirley,Clark,sclarkpj@mashable.com,Female
274,Jeffrey,Harris,jharrispk@uiuc.edu,Male
305,Randy,Nguyen,rnguyenpl@people.com.cn,Male
439,Roger,Garcia,rgarciapm@w3.org,Male
767,Philip,Ramos,pramospn@redcross.org,Male
967,Sarah,Walker,swalkerpo@baidu.com,Female
861,Mark,Dixon,mdixonpp@tumblr.com,Male
742,Steve,Wagner,swagnerpq@pinterest.com,Male
460,Roger,Hunter,rhunterpr@gov.uk,Male
225,Jane,Hart,jhartps@blog.com,Female
661,Teresa,Carroll,tcarrollpt@yahoo.com,Female
570,Lois,Fisher,lfisherpu@google.co.uk,Female
84,Jose,Anderson,jandersonpv@goodreads.com,Male
55,Kimberly,Owens,kowenspw@ft.com,Female
56,Antonio,King,akingpx@japanpost.jp,Male
807,Kathy,Webb,kwebbpy@usatoday.com,Female
284,Daniel,Jenkins,djenkinspz@harvard.edu,Male
677,Carolyn,Nguyen,cnguyenq0@elegantthemes.com,Female
681,Keith,Shaw,kshawq1@blinklist.com,Male
152,Carol,Hansen,chansenq2@wikia.com,Female
747,Phyllis,Sanders,psandersq3@issuu.com,Female
594,Jimmy,Torres,jtorresq4@stanford.edu,Male
279,William,Frazier,wfrazierq5@360.cn,Male
115,Joan,Lee,jleeq6@angelfire.com,Female
262,Kathleen,Lynch,klynchq7@gnu.org,Female
90,Jack,Robertson,jrobertsonq8@rediff.com,Male
789,Norma,Romero,nromeroq9@cdbaby.com,Female
431,Janice,Robinson,jrobinsonqa@youku.com,Female
401,Ruth,Hunter,rhunterqb@digg.com,Female
466,Jacqueline,Morris,jmorrisqc@addtoany.com,Female
645,Paula,Jackson,pjacksonqd@fc2.com,Female
84,Paula,Lee,pleeqe@clickbank.net,Female
220,Wayne,Wagner,wwagnerqf@wordpress.com,Male
165,Mary,Ramirez,mramirezqg@bandcamp.com,Female
735,Wayne,Ross,wrossqh@loc.gov,Male
728,Juan,Stone,jstoneqi@java.com,Male
495,Tammy,Reed,treedqj@microsoft.com,Female
201,Julia,Burns,jburnsqk@addtoany.com,Female
387,Alan,Boyd,aboydql@joomla.org,Male
703,Kathleen,Greene,kgreeneqm@uiuc.edu,Female
112,Paula,Lynch,plynchqn@topsy.com,Female
168,Virginia,Nguyen,vnguyenqo@indiatimes.com,Female
331,Louis,Johnson,ljohnsonqp@bloomberg.com,Male
408,Nancy,Fernandez,nfernandezqq@networkadvertising.org,Female
736,Thomas,Martin,tmartinqr@smugmug.com,Male
289,Nicole,Weaver,nweaverqs@nydailynews.com,Female
968,Bobby,Tucker,btuckerqt@youku.com,Male
141,Carlos,James,cjamesqu@domainmarket.com,Male
389,Johnny,Bishop,jbishopqv@elpais.com,Male
67,Howard,Crawford,hcrawfordqw@vinaora.com,Male
195,James,Tucker,jtuckerqx@last.fm,Male
220,Walter,Lawson,wlawsonqy@ted.com,Male
313,Kenneth,Sims,ksimsqz@theglobeandmail.com,Male
969,Bobby,Hicks,bhicksr0@github.com,Male
781,Barbara,Tucker,btuckerr1@wisc.edu,Female
57,Daniel,Banks,dbanksr2@sphinn.com,Male
703,Alan,Williams,awilliamsr3@msu.edu,Male
934,Amanda,Austin,aaustinr4@godaddy.com,Female
713,Carl,Jacobs,cjacobsr5@businessinsider.com,Male
260,Adam,Banks,abanksr6@edublogs.org,Male
619,Raymond,Anderson,randersonr7@fema.gov,Male
992,Lisa,Reed,lreedr8@patch.com,Female
374,Kathryn,Harris,kharrisr9@yale.edu,Female
781,Patrick,Castillo,pcastillora@ox.ac.uk,Male
327,Julie,Brown,jbrownrb@cdbaby.com,Female
243,Christine,Vasquez,cvasquezrc@google.com.au,Female
32,Carlos,Williamson,cwilliamsonrd@cisco.com,Male
724,Fred,Daniels,fdanielsre@si.edu,Male
828,Antonio,Olson,aolsonrf@google.de,Male
471,Ruth,Diaz,rdiazrg@skyrock.com,Female
500,Charles,Scott,cscottrh@amazon.de,Male
507,Dorothy,Washington,dwashingtonri@google.it,Female
579,Jerry,Fuller,jfullerrj@wufoo.com,Male
404,Adam,Long,alongrk@princeton.edu,Male
161,Sara,Richardson,srichardsonrl@printfriendly.com,Female
819,Louis,Frazier,lfrazierrm@cnet.com,Male
49,Helen,Warren,hwarrenrn@skyrock.com,Female
163,Jane,Ross,jrossro@illinois.edu,Female
376,Amanda,Hayes,ahayesrp@latimes.com,Female
320,Victor,Howell,vhowellrq@state.tx.us,Male
182,Pamela,Rose,proserr@samsung.com,Female
